<?xml version="1.0"?>
<opencv_storage>
<stage15>
  <maxWeakCount>20</maxWeakCount>
  <stageThreshold>-6.6680091619491577e-01</stageThreshold>
  <weakClassifiers>
    <_>
      <internalNodes>
        0 -1 2289952 1.4258266310207546e-04</internalNodes>
      <leafValues>
        4.1900452971458435e-01 -6.6315788030624390e-01</leafValues></_>
    <_>
      <internalNodes>
        0 -1 1625034 8.4736114367842674e-03</internalNodes>
      <leafValues>
        -2.4823652207851410e-01 4.4896173477172852e-01</leafValues></_>
    <_>
      <internalNodes>
        0 -1 2289952 -7.9343779361806810e-05</internalNodes>
      <leafValues>
        -7.0348066091537476e-01 1.2432646006345749e-01</leafValues></_>
    <_>
      <internalNodes>
        0 -1 1511096 2.2113095037639141e-03</internalNodes>
      <leafValues>
        -2.5360786914825439e-01 3.2619255781173706e-01</leafValues></_>
    <_>
      <internalNodes>
        0 -1 121093 3.7349358201026917e-02</internalNodes>
      <leafValues>
        -1.5857060253620148e-01 4.6837276220321655e-01</leafValues></_>
    <_>
      <internalNodes>
        0 -1 19553 2.7050994336605072e-02</internalNodes>
      <leafValues>
        -1.4746351540088654e-01 6.1724215745925903e-01</leafValues></_>
    <_>
      <internalNodes>
        0 -1 787678 -8.5042640566825867e-03</internalNodes>
      <leafValues>
        4.4192838668823242e-01 -1.3505788147449493e-01</leafValues></_>
    <_>
      <internalNodes>
        0 -1 1475975 -9.3178954557515681e-05</internalNodes>
      <leafValues>
        -6.3162463903427124e-01 1.1670552194118500e-01</leafValues></_>
    <_>
      <internalNodes>
        0 -1 413623 -3.1433239579200745e-02</internalNodes>
      <leafValues>
        -5.2573233842849731e-01 1.1425711214542389e-01</leafValues></_>
    <_>
      <internalNodes>
        0 -1 1588975 -9.9607545416802168e-04</internalNodes>
      <leafValues>
        3.8003075122833252e-01 -1.7348657548427582e-01</leafValues></_>
    <_>
      <internalNodes>
        0 -1 68437 -7.5592786073684692e-02</internalNodes>
      <leafValues>
        6.2035048007965088e-01 -1.1722018569707870e-01</leafValues></_>
    <_>
      <internalNodes>
        0 -1 2682294 -3.9139159023761749e-02</internalNodes>
      <leafValues>
        3.6354714632034302e-01 -2.2264623641967773e-01</leafValues></_>
    <_>
      <internalNodes>
        0 -1 1750092 -1.1345256119966507e-02</internalNodes>
      <leafValues>
        5.5407595634460449e-01 -1.4457771182060242e-01</leafValues></_>
    <_>
      <internalNodes>
        0 -1 1883443 -3.1558978371322155e-03</internalNodes>
      <leafValues>
        3.5031941533088684e-01 -2.0559152960777283e-01</leafValues></_>
    <_>
      <internalNodes>
        0 -1 1013914 6.0594111680984497e-02</internalNodes>
      <leafValues>
        -1.0719805955886841e-01 6.4966237545013428e-01</leafValues></_>
    <_>
      <internalNodes>
        0 -1 2903773 1.8938081339001656e-02</internalNodes>
      <leafValues>
        -1.4584694802761078e-01 4.5756801962852478e-01</leafValues></_>
    <_>
      <internalNodes>
        0 -1 2002407 -4.7914561582729220e-04</internalNodes>
      <leafValues>
        1.2026512622833252e-01 -6.6287285089492798e-01</leafValues></_>
    <_>
      <internalNodes>
        0 -1 2203157 9.4463190180249512e-05</internalNodes>
      <leafValues>
        9.0733468532562256e-02 -6.7936468124389648e-01</leafValues></_>
    <_>
      <internalNodes>
        0 -1 2323138 -9.5444600447081029e-05</internalNodes>
      <leafValues>
        3.1574523448944092e-01 -2.3576037585735321e-01</leafValues></_>
    <_>
      <internalNodes>
        0 -1 2265427 8.1520285457372665e-03</internalNodes>
      <leafValues>
        8.9653611183166504e-02 -8.7326306104660034e-01</leafValues></_></weakClassifiers></stage15>
</opencv_storage>
