<?xml version="1.0"?>
<opencv_storage>
<stage30>
  <maxWeakCount>27</maxWeakCount>
  <stageThreshold>-5.6208866834640503e-01</stageThreshold>
  <weakClassifiers>
    <_>
      <internalNodes>
        0 -1 1089527 3.3082507550716400e-02</internalNodes>
      <leafValues>
        6.4989514648914337e-02 5.1037347316741943e-01</leafValues></_>
    <_>
      <internalNodes>
        0 -1 772397 -5.6457775644958019e-03</internalNodes>
      <leafValues>
        4.6686998009681702e-01 -8.7684735655784607e-02</leafValues></_>
    <_>
      <internalNodes>
        0 -1 2377376 -1.5346468426287174e-03</internalNodes>
      <leafValues>
        4.4783404469490051e-01 -1.0339184105396271e-01</leafValues></_>
    <_>
      <internalNodes>
        0 -1 3023513 6.4758103690110147e-05</internalNodes>
      <leafValues>
        9.5611914992332458e-02 -4.4243687391281128e-01</leafValues></_>
    <_>
      <internalNodes>
        0 -1 237016 1.1714826337993145e-02</internalNodes>
      <leafValues>
        -7.8340992331504822e-02 6.3813316822052002e-01</leafValues></_>
    <_>
      <internalNodes>
        0 -1 15467 -2.1471569314599037e-02</internalNodes>
      <leafValues>
        5.3130680322647095e-01 -1.2154435366392136e-01</leafValues></_>
    <_>
      <internalNodes>
        0 -1 2774401 -2.0409114658832550e-02</internalNodes>
      <leafValues>
        6.1851680278778076e-01 -6.0273304581642151e-02</leafValues></_>
    <_>
      <internalNodes>
        0 -1 2627283 4.5281788334250450e-03</internalNodes>
      <leafValues>
        -1.7018041014671326e-01 2.9772216081619263e-01</leafValues></_>
    <_>
      <internalNodes>
        0 -1 1421872 -2.8077713795937598e-04</internalNodes>
      <leafValues>
        3.1255531311035156e-01 -1.5298517048358917e-01</leafValues></_>
    <_>
      <internalNodes>
        0 -1 2783847 -4.6458432916551828e-04</internalNodes>
      <leafValues>
        3.5253715515136719e-01 -1.3269945979118347e-01</leafValues></_>
    <_>
      <internalNodes>
        0 -1 2317158 9.8994630388915539e-04</internalNodes>
      <leafValues>
        5.4345805197954178e-02 -8.6088645458221436e-01</leafValues></_>
    <_>
      <internalNodes>
        0 -1 2305468 2.5840947637334466e-04</internalNodes>
      <leafValues>
        -1.3489529490470886e-01 4.4847926497459412e-01</leafValues></_>
    <_>
      <internalNodes>
        0 -1 1776341 -3.5426024347543716e-02</internalNodes>
      <leafValues>
        8.6823910474777222e-02 -7.0575624704360962e-01</leafValues></_>
    <_>
      <internalNodes>
        0 -1 3000690 5.3720013238489628e-04</internalNodes>
      <leafValues>
        -1.7319655418395996e-01 2.9410383105278015e-01</leafValues></_>
    <_>
      <internalNodes>
        0 -1 2999639 -2.2744410671293736e-03</internalNodes>
      <leafValues>
        6.9380176067352295e-01 -7.4009343981742859e-02</leafValues></_>
    <_>
      <internalNodes>
        0 -1 2687987 -4.7768749936949462e-05</internalNodes>
      <leafValues>
        1.8188543617725372e-01 -2.7305093407630920e-01</leafValues></_>
    <_>
      <internalNodes>
        0 -1 3019683 -3.1759722332935780e-05</internalNodes>
      <leafValues>
        -3.4765455126762390e-01 1.4098566770553589e-01</leafValues></_>
    <_>
      <internalNodes>
        0 -1 1516605 -6.4119987655431032e-05</internalNodes>
      <leafValues>
        2.8430801630020142e-01 -1.7934171855449677e-01</leafValues></_>
    <_>
      <internalNodes>
        0 -1 2842514 -1.3053673319518566e-04</internalNodes>
      <leafValues>
        -4.6979397535324097e-01 1.0954460501670837e-01</leafValues></_>
    <_>
      <internalNodes>
        0 -1 2067520 -5.7816528715193272e-04</internalNodes>
      <leafValues>
        3.1774866580963135e-01 -1.4887803792953491e-01</leafValues></_>
    <_>
      <internalNodes>
        0 -1 2197867 1.1749011464416981e-03</internalNodes>
      <leafValues>
        -1.6825939714908600e-01 3.2804548740386963e-01</leafValues></_>
    <_>
      <internalNodes>
        0 -1 2060501 5.3400155156850815e-03</internalNodes>
      <leafValues>
        1.1126244068145752e-01 -4.8380166292190552e-01</leafValues></_>
    <_>
      <internalNodes>
        0 -1 2829421 -1.2979584280401468e-03</internalNodes>
      <leafValues>
        -8.1434446573257446e-01 5.6634951382875443e-02</leafValues></_>
    <_>
      <internalNodes>
        0 -1 2421988 1.3368086365517229e-04</internalNodes>
      <leafValues>
        -1.8028789758682251e-01 2.8203722834587097e-01</leafValues></_>
    <_>
      <internalNodes>
        0 -1 2627158 -3.0592060647904873e-03</internalNodes>
      <leafValues>
        5.3417319059371948e-01 -8.9210808277130127e-02</leafValues></_>
    <_>
      <internalNodes>
        0 -1 2668628 -9.8550168331712484e-05</internalNodes>
      <leafValues>
        2.7757933735847473e-01 -1.7998543381690979e-01</leafValues></_>
    <_>
      <internalNodes>
        0 -1 2588320 -7.3551619425415993e-04</internalNodes>
      <leafValues>
        -6.5871191024780273e-01 8.3488389849662781e-02</leafValues></_></weakClassifiers></stage30>
</opencv_storage>
