<?xml version="1.0"?>
<opencv_storage>
<stage14>
  <maxWeakCount>20</maxWeakCount>
  <stageThreshold>-8.3862841129302979e-01</stageThreshold>
  <weakClassifiers>
    <_>
      <internalNodes>
        0 -1 1955689 -2.1241870126686990e-04</internalNodes>
      <leafValues>
        -5.0364965200424194e-01 4.4120413064956665e-01</leafValues></_>
    <_>
      <internalNodes>
        0 -1 463991 1.6288166865706444e-02</internalNodes>
      <leafValues>
        -1.5562689304351807e-01 6.1335569620132446e-01</leafValues></_>
    <_>
      <internalNodes>
        0 -1 1990131 -6.3400310464203358e-03</internalNodes>
      <leafValues>
        3.0166459083557129e-01 -2.7985692024230957e-01</leafValues></_>
    <_>
      <internalNodes>
        0 -1 2280476 -7.0146867074072361e-04</internalNodes>
      <leafValues>
        -6.6661852598190308e-01 1.2476672977209091e-01</leafValues></_>
    <_>
      <internalNodes>
        0 -1 280267 -1.0912613943219185e-03</internalNodes>
      <leafValues>
        -4.9054870009422302e-01 1.4784257113933563e-01</leafValues></_>
    <_>
      <internalNodes>
        0 -1 1431512 -3.8105382118374109e-03</internalNodes>
      <leafValues>
        7.6233595609664917e-02 -6.3199245929718018e-01</leafValues></_>
    <_>
      <internalNodes>
        0 -1 2719868 5.9811137616634369e-03</internalNodes>
      <leafValues>
        -1.2521621584892273e-01 5.9156900644302368e-01</leafValues></_>
    <_>
      <internalNodes>
        0 -1 2793240 -6.0560911893844604e-02</internalNodes>
      <leafValues>
        4.4467383623123169e-01 -1.6919283568859100e-01</leafValues></_>
    <_>
      <internalNodes>
        0 -1 2275373 -2.7413576841354370e-02</internalNodes>
      <leafValues>
        2.6916438341140747e-01 -2.5270423293113708e-01</leafValues></_>
    <_>
      <internalNodes>
        0 -1 2489955 -1.7606007168069482e-03</internalNodes>
      <leafValues>
        -7.9528486728668213e-01 8.5955902934074402e-02</leafValues></_>
    <_>
      <internalNodes>
        0 -1 1113304 -8.1110764294862747e-03</internalNodes>
      <leafValues>
        2.6998889446258545e-01 -2.5549039244651794e-01</leafValues></_>
    <_>
      <internalNodes>
        0 -1 890836 -7.7759157866239548e-03</internalNodes>
      <leafValues>
        4.9620997905731201e-01 -1.4643628895282745e-01</leafValues></_>
    <_>
      <internalNodes>
        0 -1 2221545 5.2747467998415232e-04</internalNodes>
      <leafValues>
        1.1354412138462067e-01 -6.7179268598556519e-01</leafValues></_>
    <_>
      <internalNodes>
        0 -1 2158142 1.2194207374705002e-04</internalNodes>
      <leafValues>
        1.2566418945789337e-01 -5.5333781242370605e-01</leafValues></_>
    <_>
      <internalNodes>
        0 -1 1743670 4.4872261583805084e-02</internalNodes>
      <leafValues>
        1.0638211667537689e-01 -6.4810514450073242e-01</leafValues></_>
    <_>
      <internalNodes>
        0 -1 1703098 -2.2075669839978218e-03</internalNodes>
      <leafValues>
        3.8289627432823181e-01 -2.0896700024604797e-01</leafValues></_>
    <_>
      <internalNodes>
        0 -1 1755763 4.9337740056216717e-03</internalNodes>
      <leafValues>
        -1.3640797138214111e-01 4.8227351903915405e-01</leafValues></_>
    <_>
      <internalNodes>
        0 -1 1988675 6.1089004157111049e-04</internalNodes>
      <leafValues>
        -2.0675066113471985e-01 3.9615485072135925e-01</leafValues></_>
    <_>
      <internalNodes>
        0 -1 13903 5.4394156904891133e-05</internalNodes>
      <leafValues>
        1.4952072501182556e-01 -5.5220103263854980e-01</leafValues></_>
    <_>
      <internalNodes>
        0 -1 2779464 2.7821776457130909e-03</internalNodes>
      <leafValues>
        -1.7427681386470795e-01 4.1152629256248474e-01</leafValues></_></weakClassifiers></stage14>
</opencv_storage>
