<?xml version="1.0"?>
<opencv_storage>
<stage26>
  <maxWeakCount>29</maxWeakCount>
  <stageThreshold>-6.6734027862548828e-01</stageThreshold>
  <weakClassifiers>
    <_>
      <internalNodes>
        0 -1 2433608 6.5860355971381068e-04</internalNodes>
      <leafValues>
        3.8992041349411011e-01 -5.9420287609100342e-01</leafValues></_>
    <_>
      <internalNodes>
        0 -1 1375987 8.1631718785502017e-05</internalNodes>
      <leafValues>
        -2.5778108835220337e-01 2.4367292225360870e-01</leafValues></_>
    <_>
      <internalNodes>
        0 -1 2134244 9.1470696497708559e-04</internalNodes>
      <leafValues>
        -1.2068810313940048e-01 5.1818645000457764e-01</leafValues></_>
    <_>
      <internalNodes>
        0 -1 2630342 -2.1455928683280945e-02</internalNodes>
      <leafValues>
        4.2481946945190430e-01 -1.6467224061489105e-01</leafValues></_>
    <_>
      <internalNodes>
        0 -1 2276990 -6.0234060510993004e-03</internalNodes>
      <leafValues>
        2.8689742088317871e-01 -1.8921577930450439e-01</leafValues></_>
    <_>
      <internalNodes>
        0 -1 2391972 -6.1523320619016886e-04</internalNodes>
      <leafValues>
        -5.2873867750167847e-01 9.2437960207462311e-02</leafValues></_>
    <_>
      <internalNodes>
        0 -1 13622 -2.7730003930628300e-03</internalNodes>
      <leafValues>
        6.0424947738647461e-01 -1.1159529536962509e-01</leafValues></_>
    <_>
      <internalNodes>
        0 -1 2190586 8.2861371338367462e-03</internalNodes>
      <leafValues>
        1.3883019983768463e-01 -4.6425583958625793e-01</leafValues></_>
    <_>
      <internalNodes>
        0 -1 1766125 -1.7064950661733747e-03</internalNodes>
      <leafValues>
        2.6926702260971069e-01 -1.9030411541461945e-01</leafValues></_>
    <_>
      <internalNodes>
        0 -1 3019936 -3.0103657991276123e-05</internalNodes>
      <leafValues>
        -4.3530499935150146e-01 1.1508011817932129e-01</leafValues></_>
    <_>
      <internalNodes>
        0 -1 1782045 -2.5577417545719072e-05</internalNodes>
      <leafValues>
        2.9354134202003479e-01 -1.9077695906162262e-01</leafValues></_>
    <_>
      <internalNodes>
        0 -1 1248704 -4.8356652259826660e-02</internalNodes>
      <leafValues>
        -8.4042698144912720e-01 6.1243221163749695e-02</leafValues></_>
    <_>
      <internalNodes>
        0 -1 546785 -1.5194239094853401e-02</internalNodes>
      <leafValues>
        2.2765469551086426e-01 -2.2562809288501740e-01</leafValues></_>
    <_>
      <internalNodes>
        0 -1 571558 -2.4825001135468483e-02</internalNodes>
      <leafValues>
        6.7255705595016479e-01 -1.0338619351387024e-01</leafValues></_>
    <_>
      <internalNodes>
        0 -1 2435047 -6.8130681756883860e-04</internalNodes>
      <leafValues>
        3.5761395096778870e-01 -1.3792169094085693e-01</leafValues></_>
    <_>
      <internalNodes>
        0 -1 1159015 -1.2527997605502605e-03</internalNodes>
      <leafValues>
        3.6620178818702698e-01 -1.5278020501136780e-01</leafValues></_>
    <_>
      <internalNodes>
        0 -1 145801 -1.4047170407138765e-04</internalNodes>
      <leafValues>
        -5.6608206033706665e-01 1.0317596048116684e-01</leafValues></_>
    <_>
      <internalNodes>
        0 -1 10643 2.6136327534914017e-02</internalNodes>
      <leafValues>
        -1.1501752585172653e-01 4.8425590991973877e-01</leafValues></_>
    <_>
      <internalNodes>
        0 -1 1772788 -1.0754610411822796e-03</internalNodes>
      <leafValues>
        5.4310441017150879e-01 -9.2471428215503693e-02</leafValues></_>
    <_>
      <internalNodes>
        0 -1 2418500 -2.1113042021170259e-04</internalNodes>
      <leafValues>
        4.3082162737846375e-01 -1.1662515997886658e-01</leafValues></_>
    <_>
      <internalNodes>
        0 -1 2173738 4.1630258783698082e-04</internalNodes>
      <leafValues>
        -1.4516557753086090e-01 4.0347152948379517e-01</leafValues></_>
    <_>
      <internalNodes>
        0 -1 2049477 -3.1959428451955318e-04</internalNodes>
      <leafValues>
        3.9626345038414001e-01 -1.4602895081043243e-01</leafValues></_>
    <_>
      <internalNodes>
        0 -1 367787 -3.4578680060803890e-03</internalNodes>
      <leafValues>
        -7.0455360412597656e-01 9.0521953999996185e-02</leafValues></_>
    <_>
      <internalNodes>
        0 -1 1646785 -3.0072296503931284e-03</internalNodes>
      <leafValues>
        -4.6888706088066101e-01 1.0889516025781631e-01</leafValues></_>
    <_>
      <internalNodes>
        0 -1 1145452 7.0111313834786415e-04</internalNodes>
      <leafValues>
        -8.1388108432292938e-02 6.9814932346343994e-01</leafValues></_>
    <_>
      <internalNodes>
        0 -1 1885099 5.3768184443470091e-05</internalNodes>
      <leafValues>
        1.2115307897329330e-01 -5.0021320581436157e-01</leafValues></_>
    <_>
      <internalNodes>
        0 -1 1980015 1.2450998474378139e-04</internalNodes>
      <leafValues>
        -1.7556373775005341e-01 3.1168445944786072e-01</leafValues></_>
    <_>
      <internalNodes>
        0 -1 2201717 8.7597560195717961e-05</internalNodes>
      <leafValues>
        9.1187916696071625e-02 -5.6864494085311890e-01</leafValues></_>
    <_>
      <internalNodes>
        0 -1 2705695 -1.9329395145177841e-02</internalNodes>
      <leafValues>
        7.2646439075469971e-01 -7.9366765916347504e-02</leafValues></_></weakClassifiers></stage26>
</opencv_storage>
