<?xml version="1.0"?>
<opencv_storage>
<stage11>
  <maxWeakCount>17</maxWeakCount>
  <stageThreshold>-8.6656773090362549e-01</stageThreshold>
  <weakClassifiers>
    <_>
      <internalNodes>
        0 -1 1678188 8.7794912979006767e-03</internalNodes>
      <leafValues>
        7.2423398494720459e-02 7.2199171781539917e-01</leafValues></_>
    <_>
      <internalNodes>
        0 -1 1281722 4.3407961726188660e-02</internalNodes>
      <leafValues>
        -2.0969173312187195e-01 5.0086939334869385e-01</leafValues></_>
    <_>
      <internalNodes>
        0 -1 1997187 8.1540772225707769e-04</internalNodes>
      <leafValues>
        -1.1383057385683060e-01 6.7514562606811523e-01</leafValues></_>
    <_>
      <internalNodes>
        0 -1 2132818 8.0036162398755550e-04</internalNodes>
      <leafValues>
        -1.7850793898105621e-01 5.5916315317153931e-01</leafValues></_>
    <_>
      <internalNodes>
        0 -1 992345 -1.6011705622076988e-02</internalNodes>
      <leafValues>
        8.0720573663711548e-01 -8.7519608438014984e-02</leafValues></_>
    <_>
      <internalNodes>
        0 -1 1421307 1.2996653094887733e-03</internalNodes>
      <leafValues>
        -1.2122816592454910e-01 6.7547476291656494e-01</leafValues></_>
    <_>
      <internalNodes>
        0 -1 728 1.0573887266218662e-02</internalNodes>
      <leafValues>
        -1.7119911313056946e-01 4.7641810774803162e-01</leafValues></_>
    <_>
      <internalNodes>
        0 -1 1434439 1.1535050580278039e-03</internalNodes>
      <leafValues>
        -1.6891631484031677e-01 5.5764782428741455e-01</leafValues></_>
    <_>
      <internalNodes>
        0 -1 2251758 -7.1723878383636475e-02</internalNodes>
      <leafValues>
        4.7157832980155945e-01 -1.8702051043510437e-01</leafValues></_>
    <_>
      <internalNodes>
        0 -1 2038360 2.1055597811937332e-02</internalNodes>
      <leafValues>
        1.7295391857624054e-01 -5.7128649950027466e-01</leafValues></_>
    <_>
      <internalNodes>
        0 -1 1755740 6.4926249906420708e-03</internalNodes>
      <leafValues>
        -2.5123012065887451e-01 4.6134898066520691e-01</leafValues></_>
    <_>
      <internalNodes>
        0 -1 2199051 -2.0581306307576597e-04</internalNodes>
      <leafValues>
        6.0360211133956909e-01 -1.4274796843528748e-01</leafValues></_>
    <_>
      <internalNodes>
        0 -1 1595784 -3.1228998675942421e-02</internalNodes>
      <leafValues>
        -8.0956411361694336e-01 1.2349142879247665e-01</leafValues></_>
    <_>
      <internalNodes>
        0 -1 1836876 -1.8767263740301132e-02</internalNodes>
      <leafValues>
        -7.1378356218338013e-01 1.2827223539352417e-01</leafValues></_>
    <_>
      <internalNodes>
        0 -1 2412612 4.5281715574674308e-04</internalNodes>
      <leafValues>
        -1.5052607655525208e-01 6.5623670816421509e-01</leafValues></_>
    <_>
      <internalNodes>
        0 -1 1998469 -1.0326571064069867e-03</internalNodes>
      <leafValues>
        5.0864082574844360e-01 -1.7307512462139130e-01</leafValues></_>
    <_>
      <internalNodes>
        0 -1 2438941 4.5327261090278625e-02</internalNodes>
      <leafValues>
        -1.1877657473087311e-01 6.3780075311660767e-01</leafValues></_></weakClassifiers></stage11>
</opencv_storage>
