<?xml version="1.0"?>
<opencv_storage>
<stage17>
  <maxWeakCount>21</maxWeakCount>
  <stageThreshold>-6.4346861839294434e-01</stageThreshold>
  <weakClassifiers>
    <_>
      <internalNodes>
        0 -1 1542708 4.6593554317951202e-02</internalNodes>
      <leafValues>
        1.4567901194095612e-01 7.2307693958282471e-01</leafValues></_>
    <_>
      <internalNodes>
        0 -1 536000 2.4871621280908585e-02</internalNodes>
      <leafValues>
        -1.6511301696300507e-01 4.0790522098541260e-01</leafValues></_>
    <_>
      <internalNodes>
        0 -1 1760998 -1.0069388896226883e-02</internalNodes>
      <leafValues>
        4.0572351217269897e-01 -1.8263480067253113e-01</leafValues></_>
    <_>
      <internalNodes>
        0 -1 789903 -3.1264048069715500e-02</internalNodes>
      <leafValues>
        6.3756638765335083e-01 -1.3897323608398438e-01</leafValues></_>
    <_>
      <internalNodes>
        0 -1 2160279 -6.8791370722465217e-05</internalNodes>
      <leafValues>
        -5.1614803075790405e-01 1.4719897508621216e-01</leafValues></_>
    <_>
      <internalNodes>
        0 -1 1972413 3.0508594587445259e-02</internalNodes>
      <leafValues>
        9.7465917468070984e-02 -7.1217072010040283e-01</leafValues></_>
    <_>
      <internalNodes>
        0 -1 1445628 6.3109764596447349e-04</internalNodes>
      <leafValues>
        -1.8850785493850708e-01 4.0530294179916382e-01</leafValues></_>
    <_>
      <internalNodes>
        0 -1 1859325 6.8165347911417484e-03</internalNodes>
      <leafValues>
        1.1496383696794510e-01 -6.2134480476379395e-01</leafValues></_>
    <_>
      <internalNodes>
        0 -1 2425887 -3.8717640563845634e-03</internalNodes>
      <leafValues>
        -6.0691559314727783e-01 8.4432728588581085e-02</leafValues></_>
    <_>
      <internalNodes>
        0 -1 1925923 -3.9811548776924610e-03</internalNodes>
      <leafValues>
        5.9288567304611206e-01 -1.1268509924411774e-01</leafValues></_>
    <_>
      <internalNodes>
        0 -1 1729740 -6.6287546360399574e-05</internalNodes>
      <leafValues>
        -5.8342897891998291e-01 1.1481498181819916e-01</leafValues></_>
    <_>
      <internalNodes>
        0 -1 2716217 1.9047324312850833e-03</internalNodes>
      <leafValues>
        5.9302367269992828e-02 -9.5362001657485962e-01</leafValues></_>
    <_>
      <internalNodes>
        0 -1 1083326 9.6529694274067879e-03</internalNodes>
      <leafValues>
        -1.1077699810266495e-01 6.2376171350479126e-01</leafValues></_>
    <_>
      <internalNodes>
        0 -1 2128599 9.3918177299201488e-05</internalNodes>
      <leafValues>
        -1.3371194899082184e-01 4.4777098298072815e-01</leafValues></_>
    <_>
      <internalNodes>
        0 -1 2922939 2.4327551363967359e-04</internalNodes>
      <leafValues>
        1.0983351618051529e-01 -5.8793973922729492e-01</leafValues></_>
    <_>
      <internalNodes>
        0 -1 2189778 1.7451880557928234e-04</internalNodes>
      <leafValues>
        -1.4326608180999756e-01 4.0118634700775146e-01</leafValues></_>
    <_>
      <internalNodes>
        0 -1 435117 5.5321576073765755e-03</internalNodes>
      <leafValues>
        -1.5689502656459808e-01 3.7033292651176453e-01</leafValues></_>
    <_>
      <internalNodes>
        0 -1 2924510 5.0707545597106218e-04</internalNodes>
      <leafValues>
        1.3860464096069336e-01 -4.6259886026382446e-01</leafValues></_>
    <_>
      <internalNodes>
        0 -1 2707883 8.0735972151160240e-03</internalNodes>
      <leafValues>
        -1.6496089100837708e-01 4.8087581992149353e-01</leafValues></_>
    <_>
      <internalNodes>
        0 -1 1437695 -9.3344740569591522e-02</internalNodes>
      <leafValues>
        -6.7197638750076294e-01 1.0380366444587708e-01</leafValues></_>
    <_>
      <internalNodes>
        0 -1 1902883 1.1590673588216305e-02</internalNodes>
      <leafValues>
        1.0483890026807785e-01 -5.4696768522262573e-01</leafValues></_></weakClassifiers></stage17>
</opencv_storage>
