<?xml version="1.0"?>
<opencv_storage>
<stage23>
  <maxWeakCount>26</maxWeakCount>
  <stageThreshold>-5.9040284156799316e-01</stageThreshold>
  <weakClassifiers>
    <_>
      <internalNodes>
        0 -1 1252874 3.0757293105125427e-02</internalNodes>
      <leafValues>
        3.9323842525482178e-01 -5.5263155698776245e-01</leafValues></_>
    <_>
      <internalNodes>
        0 -1 92331 -6.8172591272741556e-04</internalNodes>
      <leafValues>
        -6.1194640398025513e-01 1.4063836634159088e-01</leafValues></_>
    <_>
      <internalNodes>
        0 -1 116064 -1.4623773284256458e-02</internalNodes>
      <leafValues>
        -1.2633650004863739e-01 6.8113607168197632e-01</leafValues></_>
    <_>
      <internalNodes>
        0 -1 1982109 2.1553755505010486e-04</internalNodes>
      <leafValues>
        -2.9378917813301086e-01 2.0163153111934662e-01</leafValues></_>
    <_>
      <internalNodes>
        0 -1 1576525 1.0609123855829239e-03</internalNodes>
      <leafValues>
        1.6370037198066711e-01 -3.9021050930023193e-01</leafValues></_>
    <_>
      <internalNodes>
        0 -1 2523125 -8.6340894922614098e-03</internalNodes>
      <leafValues>
        -6.6706341505050659e-01 1.0717280954122543e-01</leafValues></_>
    <_>
      <internalNodes>
        0 -1 1947299 7.6473198831081390e-02</internalNodes>
      <leafValues>
        8.0557785928249359e-02 -6.5523159503936768e-01</leafValues></_>
    <_>
      <internalNodes>
        0 -1 2893523 3.3397792140021920e-04</internalNodes>
      <leafValues>
        -2.7365824580192566e-01 2.2464303672313690e-01</leafValues></_>
    <_>
      <internalNodes>
        0 -1 2842423 -1.4689138624817133e-03</internalNodes>
      <leafValues>
        -7.0400768518447876e-01 8.5318051278591156e-02</leafValues></_>
    <_>
      <internalNodes>
        0 -1 402732 -2.9013093560934067e-02</internalNodes>
      <leafValues>
        3.8174545764923096e-01 -1.4646673202514648e-01</leafValues></_>
    <_>
      <internalNodes>
        0 -1 786157 6.3791160937398672e-04</internalNodes>
      <leafValues>
        -1.0984443873167038e-01 5.2540433406829834e-01</leafValues></_>
    <_>
      <internalNodes>
        0 -1 1453543 -1.2019043788313866e-03</internalNodes>
      <leafValues>
        -6.7613708972930908e-01 8.1788733601570129e-02</leafValues></_>
    <_>
      <internalNodes>
        0 -1 2662865 -5.1540620625019073e-02</internalNodes>
      <leafValues>
        -3.1014654040336609e-01 1.7298972606658936e-01</leafValues></_>
    <_>
      <internalNodes>
        0 -1 2967831 -5.2768830209970474e-03</internalNodes>
      <leafValues>
        4.9528124928474426e-01 -1.2640382349491119e-01</leafValues></_>
    <_>
      <internalNodes>
        0 -1 417983 1.0655555874109268e-02</internalNodes>
      <leafValues>
        -1.4005400240421295e-01 4.2764294147491455e-01</leafValues></_>
    <_>
      <internalNodes>
        0 -1 977356 -1.7611777875572443e-03</internalNodes>
      <leafValues>
        3.9092448353767395e-01 -1.4517967402935028e-01</leafValues></_>
    <_>
      <internalNodes>
        0 -1 2779072 -8.0295093357563019e-03</internalNodes>
      <leafValues>
        -9.5676082372665405e-01 6.8391785025596619e-02</leafValues></_>
    <_>
      <internalNodes>
        0 -1 1931669 -1.7210247460752726e-03</internalNodes>
      <leafValues>
        3.5363605618476868e-01 -1.6429425776004791e-01</leafValues></_>
    <_>
      <internalNodes>
        0 -1 2130804 3.6158616421744227e-04</internalNodes>
      <leafValues>
        -1.2987472116947174e-01 4.3933391571044922e-01</leafValues></_>
    <_>
      <internalNodes>
        0 -1 1765237 1.9225146621465683e-02</internalNodes>
      <leafValues>
        8.5458099842071533e-02 -7.0550280809402466e-01</leafValues></_>
    <_>
      <internalNodes>
        0 -1 2836459 -2.9176292009651661e-03</internalNodes>
      <leafValues>
        3.9800608158111572e-01 -1.4995235204696655e-01</leafValues></_>
    <_>
      <internalNodes>
        0 -1 1532017 1.7196855042129755e-03</internalNodes>
      <leafValues>
        -8.8863514363765717e-02 5.8050966262817383e-01</leafValues></_>
    <_>
      <internalNodes>
        0 -1 216158 -1.4928805176168680e-03</internalNodes>
      <leafValues>
        -6.6835856437683105e-01 9.4833180308341980e-02</leafValues></_>
    <_>
      <internalNodes>
        0 -1 993511 -4.1651460342109203e-03</internalNodes>
      <leafValues>
        3.5749423503875732e-01 -1.6179361939430237e-01</leafValues></_>
    <_>
      <internalNodes>
        0 -1 353626 6.9714419543743134e-02</internalNodes>
      <leafValues>
        -1.0145273804664612e-01 6.0776531696319580e-01</leafValues></_>
    <_>
      <internalNodes>
        0 -1 81935 1.0146601125597954e-03</internalNodes>
      <leafValues>
        1.5196374058723450e-01 -4.0265482664108276e-01</leafValues></_></weakClassifiers></stage23>
</opencv_storage>
