<?xml version="1.0"?>
<opencv_storage>
<stage6>
  <maxWeakCount>14</maxWeakCount>
  <stageThreshold>-7.5849527120590210e-01</stageThreshold>
  <weakClassifiers>
    <_>
      <internalNodes>
        0 -1 152054 -1.7797121405601501e-01</internalNodes>
      <leafValues>
        3.2167833298444748e-02 7.7731961011886597e-01</leafValues></_>
    <_>
      <internalNodes>
        0 -1 2575458 -1.3728379271924496e-03</internalNodes>
      <leafValues>
        3.6900690197944641e-01 -3.9404103159904480e-01</leafValues></_>
    <_>
      <internalNodes>
        0 -1 1089364 -1.6339308023452759e-01</internalNodes>
      <leafValues>
        -2.0812293887138367e-01 5.9918296337127686e-01</leafValues></_>
    <_>
      <internalNodes>
        0 -1 777238 -3.8432653527706861e-03</internalNodes>
      <leafValues>
        3.2870778441429138e-01 -3.6588683724403381e-01</leafValues></_>
    <_>
      <internalNodes>
        0 -1 2159430 -7.4106585234403610e-03</internalNodes>
      <leafValues>
        3.5086426138877869e-01 -2.8638920187950134e-01</leafValues></_>
    <_>
      <internalNodes>
        0 -1 945589 -5.3331237286329269e-03</internalNodes>
      <leafValues>
        5.5801314115524292e-01 -1.7211367189884186e-01</leafValues></_>
    <_>
      <internalNodes>
        0 -1 1752848 -2.8614755719900131e-03</internalNodes>
      <leafValues>
        4.9225550889968872e-01 -2.0516097545623779e-01</leafValues></_>
    <_>
      <internalNodes>
        0 -1 1510484 3.9636440575122833e-02</internalNodes>
      <leafValues>
        1.4513607323169708e-01 -8.5498172044754028e-01</leafValues></_>
    <_>
      <internalNodes>
        0 -1 880265 -9.9237468093633652e-03</internalNodes>
      <leafValues>
        7.0353341102600098e-01 -1.7439752817153931e-01</leafValues></_>
    <_>
      <internalNodes>
        0 -1 981434 7.0716077461838722e-03</internalNodes>
      <leafValues>
        -1.0857602208852768e-01 7.9862421751022339e-01</leafValues></_>
    <_>
      <internalNodes>
        0 -1 3024047 8.6720145191065967e-05</internalNodes>
      <leafValues>
        1.8592897057533264e-01 -6.1775040626525879e-01</leafValues></_>
    <_>
      <internalNodes>
        0 -1 2478637 8.5847976151853800e-04</internalNodes>
      <leafValues>
        1.3315546512603760e-01 -6.5120053291320801e-01</leafValues></_>
    <_>
      <internalNodes>
        0 -1 3024769 1.1221517343074083e-04</internalNodes>
      <leafValues>
        1.3152408599853516e-01 -6.9783741235733032e-01</leafValues></_>
    <_>
      <internalNodes>
        0 -1 2219440 1.0024738003266975e-04</internalNodes>
      <leafValues>
        1.3806816935539246e-01 -7.3207718133926392e-01</leafValues></_></weakClassifiers></stage6>
</opencv_storage>
