<?xml version="1.0"?>
<opencv_storage>
<stage12>
  <maxWeakCount>17</maxWeakCount>
  <stageThreshold>-7.1119672060012817e-01</stageThreshold>
  <weakClassifiers>
    <_>
      <internalNodes>
        0 -1 2276449 -3.7745267152786255e-02</internalNodes>
      <leafValues>
        5.4796028137207031e-01 -3.3105802536010742e-01</leafValues></_>
    <_>
      <internalNodes>
        0 -1 125489 1.7881922423839569e-02</internalNodes>
      <leafValues>
        -1.8495298922061920e-01 5.0192183256149292e-01</leafValues></_>
    <_>
      <internalNodes>
        0 -1 2536392 2.5488592218607664e-03</internalNodes>
      <leafValues>
        -1.9833542406558990e-01 4.9041560292243958e-01</leafValues></_>
    <_>
      <internalNodes>
        0 -1 1756187 3.0157150467857718e-04</internalNodes>
      <leafValues>
        -2.6267722249031067e-01 3.5719117522239685e-01</leafValues></_>
    <_>
      <internalNodes>
        0 -1 2323581 -9.3701615696772933e-05</internalNodes>
      <leafValues>
        -7.0892089605331421e-01 1.2427718192338943e-01</leafValues></_>
    <_>
      <internalNodes>
        0 -1 2074296 -6.6427001729607582e-03</internalNodes>
      <leafValues>
        4.3126195669174194e-01 -1.9336242973804474e-01</leafValues></_>
    <_>
      <internalNodes>
        0 -1 47744 -6.1679340898990631e-02</internalNodes>
      <leafValues>
        6.5764224529266357e-01 -1.2675777077674866e-01</leafValues></_>
    <_>
      <internalNodes>
        0 -1 158325 2.6406077668070793e-02</internalNodes>
      <leafValues>
        -1.5566121041774750e-01 6.5974885225296021e-01</leafValues></_>
    <_>
      <internalNodes>
        0 -1 694681 1.8227029591798782e-02</internalNodes>
      <leafValues>
        -1.7454539239406586e-01 4.7578802704811096e-01</leafValues></_>
    <_>
      <internalNodes>
        0 -1 2263625 1.2665253598242998e-03</internalNodes>
      <leafValues>
        -1.1794036626815796e-01 6.1721473932266235e-01</leafValues></_>
    <_>
      <internalNodes>
        0 -1 2264883 9.5010385848581791e-04</internalNodes>
      <leafValues>
        -1.8458485603332520e-01 4.4489425420761108e-01</leafValues></_>
    <_>
      <internalNodes>
        0 -1 2323878 1.1168913624715060e-04</internalNodes>
      <leafValues>
        1.3135306537151337e-01 -7.4827963113784790e-01</leafValues></_>
    <_>
      <internalNodes>
        0 -1 1071263 -9.0695844846777618e-05</internalNodes>
      <leafValues>
        2.4696087837219238e-01 -3.1583294272422791e-01</leafValues></_>
    <_>
      <internalNodes>
        0 -1 979023 6.9619924761354923e-03</internalNodes>
      <leafValues>
        -1.6090527176856995e-01 4.5867842435836792e-01</leafValues></_>
    <_>
      <internalNodes>
        0 -1 109451 -1.8907487392425537e-01</internalNodes>
      <leafValues>
        6.1120760440826416e-01 -1.4369331300258636e-01</leafValues></_>
    <_>
      <internalNodes>
        0 -1 2432896 -4.1784159839153290e-03</internalNodes>
      <leafValues>
        3.8868227601051331e-01 -1.9072367250919342e-01</leafValues></_>
    <_>
      <internalNodes>
        0 -1 1076558 -9.9048344418406487e-04</internalNodes>
      <leafValues>
        6.3389623165130615e-01 -1.0620573908090591e-01</leafValues></_></weakClassifiers></stage12>
</opencv_storage>
