<?xml version="1.0"?>
<opencv_storage>
<stage32>
  <maxWeakCount>33</maxWeakCount>
  <stageThreshold>-6.4903098344802856e-01</stageThreshold>
  <weakClassifiers>
    <_>
      <internalNodes>
        0 -1 2710281 -1.2814498040825129e-03</internalNodes>
      <leafValues>
        -5.7894736528396606e-01 3.7882766127586365e-01</leafValues></_>
    <_>
      <internalNodes>
        0 -1 1162268 -2.9449472203850746e-03</internalNodes>
      <leafValues>
        2.4006481468677521e-01 -2.3047854006290436e-01</leafValues></_>
    <_>
      <internalNodes>
        0 -1 2003396 -7.6470489148050547e-04</internalNodes>
      <leafValues>
        3.5695317387580872e-01 -1.4756983518600464e-01</leafValues></_>
    <_>
      <internalNodes>
        0 -1 3023422 2.3639920982532203e-04</internalNodes>
      <leafValues>
        1.6277919709682465e-01 -3.0112114548683167e-01</leafValues></_>
    <_>
      <internalNodes>
        0 -1 2071182 3.8568349555134773e-04</internalNodes>
      <leafValues>
        -2.3777216672897339e-01 2.6306882500648499e-01</leafValues></_>
    <_>
      <internalNodes>
        0 -1 681090 4.2603760957717896e-03</internalNodes>
      <leafValues>
        -4.7848377376794815e-02 5.1165956258773804e-01</leafValues></_>
    <_>
      <internalNodes>
        0 -1 708563 1.0432430543005466e-02</internalNodes>
      <leafValues>
        -1.3105130195617676e-01 5.2865231037139893e-01</leafValues></_>
    <_>
      <internalNodes>
        0 -1 1974665 4.4775052811019123e-04</internalNodes>
      <leafValues>
        -1.1253544688224792e-01 4.0656021237373352e-01</leafValues></_>
    <_>
      <internalNodes>
        0 -1 1921650 5.5861263535916805e-04</internalNodes>
      <leafValues>
        -1.1371690779924393e-01 4.5041763782501221e-01</leafValues></_>
    <_>
      <internalNodes>
        0 -1 3006781 -1.4893608167767525e-03</internalNodes>
      <leafValues>
        4.7824072837829590e-01 -1.0239937156438828e-01</leafValues></_>
    <_>
      <internalNodes>
        0 -1 14756 3.1452741473913193e-02</internalNodes>
      <leafValues>
        -9.9952578544616699e-02 4.6085464954376221e-01</leafValues></_>
    <_>
      <internalNodes>
        0 -1 1930419 -8.6742365965619683e-04</internalNodes>
      <leafValues>
        4.0926185250282288e-01 -1.1997417360544205e-01</leafValues></_>
    <_>
      <internalNodes>
        0 -1 1187248 -1.1120766866952181e-03</internalNodes>
      <leafValues>
        3.6762151122093201e-01 -1.3051205873489380e-01</leafValues></_>
    <_>
      <internalNodes>
        0 -1 2955346 -8.1465020775794983e-03</internalNodes>
      <leafValues>
        -7.3788017034530640e-02 5.4430526494979858e-01</leafValues></_>
    <_>
      <internalNodes>
        0 -1 506461 1.0740088298916817e-02</internalNodes>
      <leafValues>
        -6.0540508478879929e-02 8.2295930385589600e-01</leafValues></_>
    <_>
      <internalNodes>
        0 -1 1730991 -5.8630481362342834e-03</internalNodes>
      <leafValues>
        1.9754520058631897e-01 -2.6483237743377686e-01</leafValues></_>
    <_>
      <internalNodes>
        0 -1 1401200 -3.7072487175464630e-02</internalNodes>
      <leafValues>
        -7.0114111900329590e-01 8.0170340836048126e-02</leafValues></_>
    <_>
      <internalNodes>
        0 -1 213548 3.1652299221605062e-03</internalNodes>
      <leafValues>
        -7.1835681796073914e-02 6.8323177099227905e-01</leafValues></_>
    <_>
      <internalNodes>
        0 -1 2843463 1.6516153118573129e-04</internalNodes>
      <leafValues>
        1.0101881623268127e-01 -5.3824192285537720e-01</leafValues></_>
    <_>
      <internalNodes>
        0 -1 3000854 -1.9976207113359123e-04</internalNodes>
      <leafValues>
        5.3450131416320801e-01 -9.3189857900142670e-02</leafValues></_>
    <_>
      <internalNodes>
        0 -1 2558886 -1.2176950986031443e-04</internalNodes>
      <leafValues>
        -7.4897307157516479e-01 7.8706495463848114e-02</leafValues></_>
    <_>
      <internalNodes>
        0 -1 5 3.7080368201714009e-05</internalNodes>
      <leafValues>
        1.2403696775436401e-01 -3.7966272234916687e-01</leafValues></_>
    <_>
      <internalNodes>
        0 -1 2417385 2.0592368673533201e-04</internalNodes>
      <leafValues>
        -1.8808001279830933e-01 2.8983396291732788e-01</leafValues></_>
    <_>
      <internalNodes>
        0 -1 463639 2.7338429354131222e-03</internalNodes>
      <leafValues>
        -1.1860916018486023e-01 4.5586279034614563e-01</leafValues></_>
    <_>
      <internalNodes>
        0 -1 2069071 1.3596538337878883e-04</internalNodes>
      <leafValues>
        -1.3000631332397461e-01 3.7664330005645752e-01</leafValues></_>
    <_>
      <internalNodes>
        0 -1 2267903 -1.5135047957301140e-02</internalNodes>
      <leafValues>
        -9.3120002746582031e-01 6.1344247311353683e-02</leafValues></_>
    <_>
      <internalNodes>
        0 -1 1974962 1.4555605594068766e-03</internalNodes>
      <leafValues>
        -1.5981207787990570e-01 3.4637582302093506e-01</leafValues></_>
    <_>
      <internalNodes>
        0 -1 2623843 3.7653073668479919e-02</internalNodes>
      <leafValues>
        -7.2749808430671692e-02 6.2146222591400146e-01</leafValues></_>
    <_>
      <internalNodes>
        0 -1 1536765 1.0880904737859964e-03</internalNodes>
      <leafValues>
        -1.6721437871456146e-01 2.9808384180068970e-01</leafValues></_>
    <_>
      <internalNodes>
        0 -1 3003654 -5.6434804573655128e-03</internalNodes>
      <leafValues>
        -1.8303950130939484e-01 2.8923368453979492e-01</leafValues></_>
    <_>
      <internalNodes>
        0 -1 2986728 2.7959493454545736e-03</internalNodes>
      <leafValues>
        -1.2510637938976288e-01 4.0284186601638794e-01</leafValues></_>
    <_>
      <internalNodes>
        0 -1 1764980 -3.1671483069658279e-02</internalNodes>
      <leafValues>
        -8.7552922964096069e-01 6.9261506199836731e-02</leafValues></_>
    <_>
      <internalNodes>
        0 -1 1336348 5.8911455562338233e-04</internalNodes>
      <leafValues>
        -1.8123954534530640e-01 3.3127534389495850e-01</leafValues></_></weakClassifiers></stage32>
</opencv_storage>
