<?xml version="1.0"?>
<opencv_storage>
<stage5>
  <maxWeakCount>11</maxWeakCount>
  <stageThreshold>-8.3092838525772095e-01</stageThreshold>
  <weakClassifiers>
    <_>
      <internalNodes>
        0 -1 1625272 4.7969616949558258e-02</internalNodes>
      <leafValues>
        5.2356019616127014e-02 8.2568806409835815e-01</leafValues></_>
    <_>
      <internalNodes>
        0 -1 32762 1.3023227453231812e-01</internalNodes>
      <leafValues>
        -1.4709851145744324e-01 6.9555145502090454e-01</leafValues></_>
    <_>
      <internalNodes>
        0 -1 1563357 -2.0809981971979141e-02</internalNodes>
      <leafValues>
        4.9560168385505676e-01 -2.4905806779861450e-01</leafValues></_>
    <_>
      <internalNodes>
        0 -1 2539474 7.8049639705568552e-04</internalNodes>
      <leafValues>
        2.0361299812793732e-01 -7.0653915405273438e-01</leafValues></_>
    <_>
      <internalNodes>
        0 -1 2949044 2.4565286934375763e-02</internalNodes>
      <leafValues>
        -2.1886816620826721e-01 5.7056874036788940e-01</leafValues></_>
    <_>
      <internalNodes>
        0 -1 2539482 -1.7777152825146914e-03</internalNodes>
      <leafValues>
        -8.3263570070266724e-01 1.6082759201526642e-01</leafValues></_>
    <_>
      <internalNodes>
        0 -1 2927320 2.2747949697077274e-04</internalNodes>
      <leafValues>
        2.1692496538162231e-01 -4.7731658816337585e-01</leafValues></_>
    <_>
      <internalNodes>
        0 -1 1666005 -2.3472752422094345e-02</internalNodes>
      <leafValues>
        6.0318326950073242e-01 -1.7453193664550781e-01</leafValues></_>
    <_>
      <internalNodes>
        0 -1 1083960 1.0409444570541382e-02</internalNodes>
      <leafValues>
        -2.0702196657657623e-01 5.4477125406265259e-01</leafValues></_>
    <_>
      <internalNodes>
        0 -1 3015373 -1.4634381979703903e-02</internalNodes>
      <leafValues>
        -9.1207635402679443e-01 1.1536152660846710e-01</leafValues></_>
    <_>
      <internalNodes>
        0 -1 2072357 4.1099867667071521e-04</internalNodes>
      <leafValues>
        1.1080873757600784e-01 -6.9694817066192627e-01</leafValues></_></weakClassifiers></stage5>
</opencv_storage>
