<?xml version="1.0"?>
<opencv_storage>
<stage25>
  <maxWeakCount>27</maxWeakCount>
  <stageThreshold>-7.0481973886489868e-01</stageThreshold>
  <weakClassifiers>
    <_>
      <internalNodes>
        0 -1 2074300 -2.0121686160564423e-02</internalNodes>
      <leafValues>
        7.0391058921813965e-01 1.7577196657657623e-01</leafValues></_>
    <_>
      <internalNodes>
        0 -1 1666900 2.5821025483310223e-03</internalNodes>
      <leafValues>
        -1.5159606933593750e-01 3.3274316787719727e-01</leafValues></_>
    <_>
      <internalNodes>
        0 -1 119551 5.2946154028177261e-05</internalNodes>
      <leafValues>
        1.3324676454067230e-01 -4.2822307348251343e-01</leafValues></_>
    <_>
      <internalNodes>
        0 -1 199198 1.8861074000597000e-02</internalNodes>
      <leafValues>
        -2.4185834825038910e-01 2.2351744771003723e-01</leafValues></_>
    <_>
      <internalNodes>
        0 -1 1587516 2.4848422035574913e-02</internalNodes>
      <leafValues>
        1.0173271596431732e-01 -6.9180023670196533e-01</leafValues></_>
    <_>
      <internalNodes>
        0 -1 2955783 5.6854048743844032e-03</internalNodes>
      <leafValues>
        -1.0515055060386658e-01 4.9238508939743042e-01</leafValues></_>
    <_>
      <internalNodes>
        0 -1 2973699 -7.1340956492349505e-04</internalNodes>
      <leafValues>
        3.5443708300590515e-01 -1.4392720162868500e-01</leafValues></_>
    <_>
      <internalNodes>
        0 -1 2380907 -1.2573678395710886e-04</internalNodes>
      <leafValues>
        -7.4213045835494995e-01 8.1217676401138306e-02</leafValues></_>
    <_>
      <internalNodes>
        0 -1 953748 6.9293531123548746e-04</internalNodes>
      <leafValues>
        -1.5048280358314514e-01 3.6891108751296997e-01</leafValues></_>
    <_>
      <internalNodes>
        0 -1 1061544 1.5750445425510406e-02</internalNodes>
      <leafValues>
        -1.1363618075847626e-01 5.2892625331878662e-01</leafValues></_>
    <_>
      <internalNodes>
        0 -1 1449400 2.6913569308817387e-04</internalNodes>
      <leafValues>
        -1.5147542953491211e-01 3.2744783163070679e-01</leafValues></_>
    <_>
      <internalNodes>
        0 -1 2414830 6.3755235169082880e-04</internalNodes>
      <leafValues>
        -1.7178830504417419e-01 3.7100505828857422e-01</leafValues></_>
    <_>
      <internalNodes>
        0 -1 1258916 -5.9307516494300216e-05</internalNodes>
      <leafValues>
        2.2867599129676819e-01 -2.5862252712249756e-01</leafValues></_>
    <_>
      <internalNodes>
        0 -1 2325651 7.6431790366768837e-03</internalNodes>
      <leafValues>
        -9.0005226433277130e-02 6.6367530822753906e-01</leafValues></_>
    <_>
      <internalNodes>
        0 -1 2134057 -1.0637799277901649e-03</internalNodes>
      <leafValues>
        -8.0846548080444336e-01 8.4116682410240173e-02</leafValues></_>
    <_>
      <internalNodes>
        0 -1 2315497 -3.2747376826591790e-04</internalNodes>
      <leafValues>
        3.3107236027717590e-01 -1.9078257679939270e-01</leafValues></_>
    <_>
      <internalNodes>
        0 -1 2781586 2.9229512438178062e-04</internalNodes>
      <leafValues>
        1.2913836538791656e-01 -4.5744702219963074e-01</leafValues></_>
    <_>
      <internalNodes>
        0 -1 2534956 -4.1689435020089149e-03</internalNodes>
      <leafValues>
        2.9191714525222778e-01 -2.1056884527206421e-01</leafValues></_>
    <_>
      <internalNodes>
        0 -1 2614428 2.5966676184907556e-04</internalNodes>
      <leafValues>
        -1.3330127298831940e-01 4.1845756769180298e-01</leafValues></_>
    <_>
      <internalNodes>
        0 -1 1996978 -5.4015149362385273e-04</internalNodes>
      <leafValues>
        5.2646154165267944e-01 -1.0132647305727005e-01</leafValues></_>
    <_>
      <internalNodes>
        0 -1 2170114 -7.4378025601617992e-05</internalNodes>
      <leafValues>
        -6.0536390542984009e-01 1.0237001627683640e-01</leafValues></_>
    <_>
      <internalNodes>
        0 -1 1239448 -2.6780983898788691e-04</internalNodes>
      <leafValues>
        2.9565602540969849e-01 -2.0847980678081512e-01</leafValues></_>
    <_>
      <internalNodes>
        0 -1 2820518 -1.0165490210056305e-02</internalNodes>
      <leafValues>
        7.8465712070465088e-01 -6.3640184700489044e-02</leafValues></_>
    <_>
      <internalNodes>
        0 -1 2271991 -1.0896281310124323e-04</internalNodes>
      <leafValues>
        -6.5790635347366333e-01 9.7557842731475830e-02</leafValues></_>
    <_>
      <internalNodes>
        0 -1 1681454 -9.0780407190322876e-03</internalNodes>
      <leafValues>
        6.7161780595779419e-01 -9.3011438846588135e-02</leafValues></_>
    <_>
      <internalNodes>
        0 -1 2872988 1.8313232430955395e-05</internalNodes>
      <leafValues>
        2.0024238526821136e-01 -3.0001884698867798e-01</leafValues></_>
    <_>
      <internalNodes>
        0 -1 2363632 2.4715543258935213e-04</internalNodes>
      <leafValues>
        -1.7232120037078857e-01 3.3759185671806335e-01</leafValues></_></weakClassifiers></stage25>
</opencv_storage>
