<?xml version="1.0"?>
<opencv_storage>
<stage24>
  <maxWeakCount>27</maxWeakCount>
  <stageThreshold>-6.0075002908706665e-01</stageThreshold>
  <weakClassifiers>
    <_>
      <internalNodes>
        0 -1 854916 -5.9534125030040741e-03</internalNodes>
      <leafValues>
        -5.6923079490661621e-01 3.8502201437950134e-01</leafValues></_>
    <_>
      <internalNodes>
        0 -1 2167747 -3.0668699182569981e-03</internalNodes>
      <leafValues>
        2.8022736310958862e-01 -2.6215451955795288e-01</leafValues></_>
    <_>
      <internalNodes>
        0 -1 1185361 2.8232436627149582e-02</internalNodes>
      <leafValues>
        -2.6028513908386230e-01 2.3603691160678864e-01</leafValues></_>
    <_>
      <internalNodes>
        0 -1 2348533 -2.3494516499340534e-03</internalNodes>
      <leafValues>
        4.0507838129997253e-01 -1.3875596225261688e-01</leafValues></_>
    <_>
      <internalNodes>
        0 -1 2362277 1.1396774789318442e-04</internalNodes>
      <leafValues>
        -1.6715544462203979e-01 3.2599541544914246e-01</leafValues></_>
    <_>
      <internalNodes>
        0 -1 789245 2.2637613117694855e-02</internalNodes>
      <leafValues>
        -1.0301874577999115e-01 5.0438308715820313e-01</leafValues></_>
    <_>
      <internalNodes>
        0 -1 246491 -2.4829851463437080e-02</internalNodes>
      <leafValues>
        7.5056236982345581e-01 -8.3273366093635559e-02</leafValues></_>
    <_>
      <internalNodes>
        0 -1 2582741 9.1240741312503815e-03</internalNodes>
      <leafValues>
        -1.2065213173627853e-01 3.9682352542877197e-01</leafValues></_>
    <_>
      <internalNodes>
        0 -1 2672320 -4.0054144337773323e-03</internalNodes>
      <leafValues>
        4.3922123312950134e-01 -1.2417645007371902e-01</leafValues></_>
    <_>
      <internalNodes>
        0 -1 2101027 -6.3936668448150158e-03</internalNodes>
      <leafValues>
        3.7053483724594116e-01 -1.5571168065071106e-01</leafValues></_>
    <_>
      <internalNodes>
        0 -1 1662069 2.2076063323765993e-03</internalNodes>
      <leafValues>
        -1.8115426599979401e-01 3.3188745379447937e-01</leafValues></_>
    <_>
      <internalNodes>
        0 -1 2135436 9.6718326676636934e-04</internalNodes>
      <leafValues>
        7.0677533745765686e-02 -7.8229552507400513e-01</leafValues></_>
    <_>
      <internalNodes>
        0 -1 2656357 -2.1561384201049805e-03</internalNodes>
      <leafValues>
        4.9976676702499390e-01 -1.1373163014650345e-01</leafValues></_>
    <_>
      <internalNodes>
        0 -1 243822 -7.5657203793525696e-02</internalNodes>
      <leafValues>
        -7.0480233430862427e-01 8.4410533308982849e-02</leafValues></_>
    <_>
      <internalNodes>
        0 -1 2750337 7.9141575843095779e-03</internalNodes>
      <leafValues>
        -1.1549122631549835e-01 5.0372463464736938e-01</leafValues></_>
    <_>
      <internalNodes>
        0 -1 2801814 -2.5361874577356502e-05</internalNodes>
      <leafValues>
        2.0753292739391327e-01 -2.5396963953971863e-01</leafValues></_>
    <_>
      <internalNodes>
        0 -1 2202199 -7.9956531408242881e-05</internalNodes>
      <leafValues>
        2.6587513089179993e-01 -1.9783726334571838e-01</leafValues></_>
    <_>
      <internalNodes>
        0 -1 1057858 -6.5890533733181655e-05</internalNodes>
      <leafValues>
        2.9417961835861206e-01 -1.8652711808681488e-01</leafValues></_>
    <_>
      <internalNodes>
        0 -1 17249 1.9038171740248799e-03</internalNodes>
      <leafValues>
        1.0665556043386459e-01 -5.0170314311981201e-01</leafValues></_>
    <_>
      <internalNodes>
        0 -1 1351858 1.1895650997757912e-02</internalNodes>
      <leafValues>
        8.2932502031326294e-02 -6.1996334791183472e-01</leafValues></_>
    <_>
      <internalNodes>
        0 -1 68320 -9.6869856119155884e-02</internalNodes>
      <leafValues>
        7.4059700965881348e-01 -8.1130273640155792e-02</leafValues></_>
    <_>
      <internalNodes>
        0 -1 2070965 -8.4531384345609695e-05</internalNodes>
      <leafValues>
        3.7585964798927307e-01 -1.3149634003639221e-01</leafValues></_>
    <_>
      <internalNodes>
        0 -1 885055 3.2598283141851425e-03</internalNodes>
      <leafValues>
        -1.3830959796905518e-01 3.9270529150962830e-01</leafValues></_>
    <_>
      <internalNodes>
        0 -1 109621 -3.2295972108840942e-02</internalNodes>
      <leafValues>
        -5.7640701532363892e-01 1.1747689545154572e-01</leafValues></_>
    <_>
      <internalNodes>
        0 -1 1050359 -5.0466947257518768e-02</internalNodes>
      <leafValues>
        -8.8739967346191406e-01 4.7962076961994171e-02</leafValues></_>
    <_>
      <internalNodes>
        0 -1 1428925 1.9993765279650688e-02</internalNodes>
      <leafValues>
        8.8348612189292908e-02 -5.7938474416732788e-01</leafValues></_>
    <_>
      <internalNodes>
        0 -1 2067079 1.0395520366728306e-03</internalNodes>
      <leafValues>
        -1.3352507352828979e-01 4.3468633294105530e-01</leafValues></_></weakClassifiers></stage24>
</opencv_storage>
