<?xml version="1.0"?>
<opencv_storage>
<stage33>
  <maxWeakCount>31</maxWeakCount>
  <stageThreshold>-6.8941104412078857e-01</stageThreshold>
  <weakClassifiers>
    <_>
      <internalNodes>
        0 -1 1734755 -3.0613580020144582e-04</internalNodes>
      <leafValues>
        -6.2962961196899414e-01 3.7870854139328003e-01</leafValues></_>
    <_>
      <internalNodes>
        0 -1 969575 5.3599778766511008e-05</internalNodes>
      <leafValues>
        -1.2466261535882950e-01 3.7384852766990662e-01</leafValues></_>
    <_>
      <internalNodes>
        0 -1 1678514 -6.9986418820917606e-03</internalNodes>
      <leafValues>
        -6.1620581150054932e-01 7.5993828475475311e-02</leafValues></_>
    <_>
      <internalNodes>
        0 -1 2931135 -3.5611132625490427e-04</internalNodes>
      <leafValues>
        2.5510132312774658e-01 -1.9733831286430359e-01</leafValues></_>
    <_>
      <internalNodes>
        0 -1 2424429 -9.8734651692211628e-04</internalNodes>
      <leafValues>
        1.7207568883895874e-01 -3.0013158917427063e-01</leafValues></_>
    <_>
      <internalNodes>
        0 -1 2635417 2.3005612194538116e-02</internalNodes>
      <leafValues>
        -1.4878460764884949e-01 4.5203325152397156e-01</leafValues></_>
    <_>
      <internalNodes>
        0 -1 1456506 5.1500746048986912e-03</internalNodes>
      <leafValues>
        -1.5236358344554901e-01 3.9069226384162903e-01</leafValues></_>
    <_>
      <internalNodes>
        0 -1 1649252 5.4525016821571626e-06</internalNodes>
      <leafValues>
        -2.6018741726875305e-01 2.3113153874874115e-01</leafValues></_>
    <_>
      <internalNodes>
        0 -1 1570321 2.0423522219061852e-03</internalNodes>
      <leafValues>
        -1.4938233792781830e-01 3.4304308891296387e-01</leafValues></_>
    <_>
      <internalNodes>
        0 -1 539970 -3.0510749667882919e-02</internalNodes>
      <leafValues>
        -5.5289822816848755e-01 9.3566834926605225e-02</leafValues></_>
    <_>
      <internalNodes>
        0 -1 2574523 -1.2940621236339211e-03</internalNodes>
      <leafValues>
        3.3731257915496826e-01 -1.4715854823589325e-01</leafValues></_>
    <_>
      <internalNodes>
        0 -1 2546550 3.3975733094848692e-04</internalNodes>
      <leafValues>
        1.0435651242733002e-01 -5.1622170209884644e-01</leafValues></_>
    <_>
      <internalNodes>
        0 -1 2415488 -6.1635160818696022e-04</internalNodes>
      <leafValues>
        2.7368491888046265e-01 -1.8811984360218048e-01</leafValues></_>
    <_>
      <internalNodes>
        0 -1 1563183 -4.6361461281776428e-02</internalNodes>
      <leafValues>
        -5.0219196081161499e-01 1.1367959529161453e-01</leafValues></_>
    <_>
      <internalNodes>
        0 -1 2184731 3.5158480750396848e-04</internalNodes>
      <leafValues>
        -1.4917337894439697e-01 3.7864458560943604e-01</leafValues></_>
    <_>
      <internalNodes>
        0 -1 2119816 -4.2884692084044218e-04</internalNodes>
      <leafValues>
        3.5377138853073120e-01 -1.5408179163932800e-01</leafValues></_>
    <_>
      <internalNodes>
        0 -1 1919090 -3.8735656999051571e-03</internalNodes>
      <leafValues>
        -6.8050843477249146e-01 9.4552069902420044e-02</leafValues></_>
    <_>
      <internalNodes>
        0 -1 62136 3.2321579055860639e-04</internalNodes>
      <leafValues>
        1.3396786153316498e-01 -3.3843761682510376e-01</leafValues></_>
    <_>
      <internalNodes>
        0 -1 1704017 3.5657690023072064e-04</internalNodes>
      <leafValues>
        -1.5199799835681915e-01 3.2048219442367554e-01</leafValues></_>
    <_>
      <internalNodes>
        0 -1 348979 2.8512200340628624e-02</internalNodes>
      <leafValues>
        -8.1397712230682373e-02 6.2071877717971802e-01</leafValues></_>
    <_>
      <internalNodes>
        0 -1 2380334 1.4356416068039834e-04</internalNodes>
      <leafValues>
        -1.3883395493030548e-01 3.4622505307197571e-01</leafValues></_>
    <_>
      <internalNodes>
        0 -1 2310351 2.1075826953165233e-04</internalNodes>
      <leafValues>
        6.5640889108181000e-02 -7.6752203702926636e-01</leafValues></_>
    <_>
      <internalNodes>
        0 -1 2427684 -2.4565769126638770e-04</internalNodes>
      <leafValues>
        3.2286050915718079e-01 -1.5446536242961884e-01</leafValues></_>
    <_>
      <internalNodes>
        0 -1 2067927 1.0734350653365254e-03</internalNodes>
      <leafValues>
        -8.2875989377498627e-02 5.4300254583358765e-01</leafValues></_>
    <_>
      <internalNodes>
        0 -1 1617552 -5.3370709065347910e-04</internalNodes>
      <leafValues>
        3.4366685152053833e-01 -1.3862513005733490e-01</leafValues></_>
    <_>
      <internalNodes>
        0 -1 2578679 2.3159692063927650e-03</internalNodes>
      <leafValues>
        8.3015881478786469e-02 -6.0812026262283325e-01</leafValues></_>
    <_>
      <internalNodes>
        0 -1 1851375 -8.2816823851317167e-04</internalNodes>
      <leafValues>
        3.6555543541908264e-01 -1.4412626624107361e-01</leafValues></_>
    <_>
      <internalNodes>
        0 -1 108831 -1.3188782031647861e-04</internalNodes>
      <leafValues>
        -3.1108793616294861e-01 1.7573603987693787e-01</leafValues></_>
    <_>
      <internalNodes>
        0 -1 2959595 -1.9982860249001533e-04</internalNodes>
      <leafValues>
        3.5747236013412476e-01 -1.4618273079395294e-01</leafValues></_>
    <_>
      <internalNodes>
        0 -1 1946347 4.1392086131963879e-05</internalNodes>
      <leafValues>
        -2.4644671380519867e-01 2.0169456303119659e-01</leafValues></_>
    <_>
      <internalNodes>
        0 -1 1634132 -1.0157262906432152e-02</internalNodes>
      <leafValues>
        7.0103561878204346e-01 -8.2271583378314972e-02</leafValues></_></weakClassifiers></stage33>
</opencv_storage>
