<?xml version="1.0"?>
<opencv_storage>
<stage9>
  <maxWeakCount>11</maxWeakCount>
  <stageThreshold>-5.1100033521652222e-01</stageThreshold>
  <weakClassifiers>
    <_>
      <internalNodes>
        0 -1 2200804 5.9719145065173507e-04</internalNodes>
      <leafValues>
        4.6007603406906128e-01 -5.6756758689880371e-01</leafValues></_>
    <_>
      <internalNodes>
        0 -1 1368087 3.8550030440092087e-02</internalNodes>
      <leafValues>
        -1.8333874642848969e-01 6.4637035131454468e-01</leafValues></_>
    <_>
      <internalNodes>
        0 -1 1948491 -2.0616310648620129e-03</internalNodes>
      <leafValues>
        -8.2083481550216675e-01 1.6164691746234894e-01</leafValues></_>
    <_>
      <internalNodes>
        0 -1 461204 -6.0970000922679901e-03</internalNodes>
      <leafValues>
        -1.9282901287078857e-01 7.0237886905670166e-01</leafValues></_>
    <_>
      <internalNodes>
        0 -1 1153603 8.0937333405017853e-03</internalNodes>
      <leafValues>
        -2.2984215617179871e-01 4.7941073775291443e-01</leafValues></_>
    <_>
      <internalNodes>
        0 -1 1729760 -2.8177700005471706e-04</internalNodes>
      <leafValues>
        -7.1160316467285156e-01 1.4019386470317841e-01</leafValues></_>
    <_>
      <internalNodes>
        0 -1 1903418 2.1275307983160019e-02</internalNodes>
      <leafValues>
        1.1722380667924881e-01 -7.2366976737976074e-01</leafValues></_>
    <_>
      <internalNodes>
        0 -1 2040422 -6.0513790696859360e-02</internalNodes>
      <leafValues>
        -8.0720847845077515e-01 7.7904090285301208e-02</leafValues></_>
    <_>
      <internalNodes>
        0 -1 2278396 8.9653593022376299e-05</internalNodes>
      <leafValues>
        1.2131799012422562e-01 -7.2883099317550659e-01</leafValues></_>
    <_>
      <internalNodes>
        0 -1 1996002 -1.7039325088262558e-02</internalNodes>
      <leafValues>
        -8.2545590400695801e-01 1.0492397099733353e-01</leafValues></_>
    <_>
      <internalNodes>
        0 -1 2335029 -2.2963411174714565e-03</internalNodes>
      <leafValues>
        -8.6118686199188232e-01 8.0262608826160431e-02</leafValues></_></weakClassifiers></stage9>
</opencv_storage>
