<?xml version="1.0"?>
<opencv_storage>
<stage16>
  <maxWeakCount>21</maxWeakCount>
  <stageThreshold>-6.3405889272689819e-01</stageThreshold>
  <weakClassifiers>
    <_>
      <internalNodes>
        0 -1 1491399 -6.6571901552379131e-03</internalNodes>
      <leafValues>
        5.7957959175109863e-01 2.6217227801680565e-02</leafValues></_>
    <_>
      <internalNodes>
        0 -1 1335581 3.3564555924385786e-03</internalNodes>
      <leafValues>
        -1.8940243124961853e-01 3.7091994285583496e-01</leafValues></_>
    <_>
      <internalNodes>
        0 -1 46153 -1.0505463182926178e-01</internalNodes>
      <leafValues>
        -5.9218537807464600e-01 1.2527966499328613e-01</leafValues></_>
    <_>
      <internalNodes>
        0 -1 2675048 -2.2792249917984009e-02</internalNodes>
      <leafValues>
        5.9522587060928345e-01 -1.3084763288497925e-01</leafValues></_>
    <_>
      <internalNodes>
        0 -1 1851054 3.3142647589556873e-04</internalNodes>
      <leafValues>
        -1.4008188247680664e-01 5.3531688451766968e-01</leafValues></_>
    <_>
      <internalNodes>
        0 -1 1998834 -8.8772460818290710e-02</internalNodes>
      <leafValues>
        -4.7582963109016418e-01 1.5395016968250275e-01</leafValues></_>
    <_>
      <internalNodes>
        0 -1 2265021 1.3749616220593452e-02</internalNodes>
      <leafValues>
        -1.3925588130950928e-01 5.5465519428253174e-01</leafValues></_>
    <_>
      <internalNodes>
        0 -1 2532681 -6.5116537734866142e-03</internalNodes>
      <leafValues>
        4.6371299028396606e-01 -1.5678206086158752e-01</leafValues></_>
    <_>
      <internalNodes>
        0 -1 2810326 -7.5045845005661249e-04</internalNodes>
      <leafValues>
        2.2672195732593536e-01 -3.1331756711006165e-01</leafValues></_>
    <_>
      <internalNodes>
        0 -1 277853 3.4678969532251358e-03</internalNodes>
      <leafValues>
        -1.3114555180072784e-01 5.6428462266921997e-01</leafValues></_>
    <_>
      <internalNodes>
        0 -1 2919721 -3.1744991429150105e-03</internalNodes>
      <leafValues>
        4.5949211716651917e-01 -1.3141925632953644e-01</leafValues></_>
    <_>
      <internalNodes>
        0 -1 2388543 -1.0977906640619040e-03</internalNodes>
      <leafValues>
        2.2122091054916382e-01 -3.1397455930709839e-01</leafValues></_>
    <_>
      <internalNodes>
        0 -1 2375201 2.0452780881896615e-04</internalNodes>
      <leafValues>
        -1.6691260039806366e-01 4.5584425330162048e-01</leafValues></_>
    <_>
      <internalNodes>
        0 -1 2908675 -1.3283574022352695e-02</internalNodes>
      <leafValues>
        4.8015236854553223e-01 -1.2747658789157867e-01</leafValues></_>
    <_>
      <internalNodes>
        0 -1 1619901 -1.2240448268130422e-04</internalNodes>
      <leafValues>
        3.4106692671775818e-01 -1.7787654697895050e-01</leafValues></_>
    <_>
      <internalNodes>
        0 -1 2651968 -1.8387551244813949e-04</internalNodes>
      <leafValues>
        3.3948576450347900e-01 -1.8798163533210754e-01</leafValues></_>
    <_>
      <internalNodes>
        0 -1 765030 -2.8786726295948029e-02</internalNodes>
      <leafValues>
        -5.0814926624298096e-01 1.2737374007701874e-01</leafValues></_>
    <_>
      <internalNodes>
        0 -1 2642894 5.5716363713145256e-03</internalNodes>
      <leafValues>
        -1.7085000872612000e-01 4.0221732854843140e-01</leafValues></_>
    <_>
      <internalNodes>
        0 -1 545667 -1.0926796495914459e-01</internalNodes>
      <leafValues>
        -6.6425734758377075e-01 9.4266124069690704e-02</leafValues></_>
    <_>
      <internalNodes>
        0 -1 2842218 -2.0837062038481236e-04</internalNodes>
      <leafValues>
        2.7226215600967407e-01 -2.4463284015655518e-01</leafValues></_>
    <_>
      <internalNodes>
        0 -1 1992713 -1.5784958377480507e-03</internalNodes>
      <leafValues>
        -8.2807689905166626e-01 7.4332229793071747e-02</leafValues></_></weakClassifiers></stage16>
</opencv_storage>
