<?xml version="1.0"?>
<opencv_storage>
<stage20>
  <maxWeakCount>26</maxWeakCount>
  <stageThreshold>-5.5349916219711304e-01</stageThreshold>
  <weakClassifiers>
    <_>
      <internalNodes>
        0 -1 121063 7.8734615817666054e-03</internalNodes>
      <leafValues>
        1.2586446106433868e-01 6.4779871702194214e-01</leafValues></_>
    <_>
      <internalNodes>
        0 -1 1238925 -7.1143214590847492e-03</internalNodes>
      <leafValues>
        5.3408288955688477e-01 -1.0232635587453842e-01</leafValues></_>
    <_>
      <internalNodes>
        0 -1 578584 1.8575524911284447e-02</internalNodes>
      <leafValues>
        -1.6678898036479950e-01 4.2889234423637390e-01</leafValues></_>
    <_>
      <internalNodes>
        0 -1 2033299 3.6443681456148624e-03</internalNodes>
      <leafValues>
        -1.2437853217124939e-01 4.4265571236610413e-01</leafValues></_>
    <_>
      <internalNodes>
        0 -1 1973221 -3.2311608083546162e-03</internalNodes>
      <leafValues>
        3.3137568831443787e-01 -1.9491358101367950e-01</leafValues></_>
    <_>
      <internalNodes>
        0 -1 2658959 2.2462552879005671e-03</internalNodes>
      <leafValues>
        7.9886034131050110e-02 -7.0079785585403442e-01</leafValues></_>
    <_>
      <internalNodes>
        0 -1 2762558 -2.8639671654673293e-05</internalNodes>
      <leafValues>
        1.7183640599250793e-01 -3.1306222081184387e-01</leafValues></_>
    <_>
      <internalNodes>
        0 -1 2198359 2.5909795658662915e-04</internalNodes>
      <leafValues>
        -1.1134459078311920e-01 5.2695357799530029e-01</leafValues></_>
    <_>
      <internalNodes>
        0 -1 2065606 6.4301874954253435e-04</internalNodes>
      <leafValues>
        -1.0737104713916779e-01 4.8705053329467773e-01</leafValues></_>
    <_>
      <internalNodes>
        0 -1 2256546 2.8157418128103018e-03</internalNodes>
      <leafValues>
        -8.4081649780273438e-02 6.7438250780105591e-01</leafValues></_>
    <_>
      <internalNodes>
        0 -1 284036 -3.4512828569859266e-03</internalNodes>
      <leafValues>
        -4.2612481117248535e-01 1.6178753972053528e-01</leafValues></_>
    <_>
      <internalNodes>
        0 -1 1942353 2.8490044176578522e-02</internalNodes>
      <leafValues>
        -9.6095196902751923e-02 6.0479521751403809e-01</leafValues></_>
    <_>
      <internalNodes>
        0 -1 900141 1.6969041898846626e-03</internalNodes>
      <leafValues>
        -2.2170196473598480e-01 2.8864258527755737e-01</leafValues></_>
    <_>
      <internalNodes>
        0 -1 1782606 -5.0690351054072380e-04</internalNodes>
      <leafValues>
        -6.7282193899154663e-01 9.5064610242843628e-02</leafValues></_>
    <_>
      <internalNodes>
        0 -1 1674071 2.1519688016269356e-04</internalNodes>
      <leafValues>
        -2.0693132281303406e-01 2.8445923328399658e-01</leafValues></_>
    <_>
      <internalNodes>
        0 -1 1126111 6.7104458808898926e-02</internalNodes>
      <leafValues>
        1.0322028398513794e-01 -6.6882485151290894e-01</leafValues></_>
    <_>
      <internalNodes>
        0 -1 2622742 3.7385954055935144e-03</internalNodes>
      <leafValues>
        9.3277186155319214e-02 -5.6363242864608765e-01</leafValues></_>
    <_>
      <internalNodes>
        0 -1 1636498 2.7383711189031601e-02</internalNodes>
      <leafValues>
        -1.2035797536373138e-01 5.2892321348190308e-01</leafValues></_>
    <_>
      <internalNodes>
        0 -1 1419007 6.7848218604922295e-03</internalNodes>
      <leafValues>
        -2.1692867577075958e-01 2.9350754618644714e-01</leafValues></_>
    <_>
      <internalNodes>
        0 -1 780129 5.4916832596063614e-03</internalNodes>
      <leafValues>
        -1.3228935003280640e-01 4.9551630020141602e-01</leafValues></_>
    <_>
      <internalNodes>
        0 -1 2317460 1.1154328240081668e-04</internalNodes>
      <leafValues>
        -1.8704812228679657e-01 3.0908080935478210e-01</leafValues></_>
    <_>
      <internalNodes>
        0 -1 2435390 -8.4874476306140423e-04</internalNodes>
      <leafValues>
        -7.4170738458633423e-01 8.3268590271472931e-02</leafValues></_>
    <_>
      <internalNodes>
        0 -1 2550021 -7.1864819619804621e-04</internalNodes>
      <leafValues>
        2.2932326793670654e-01 -2.6261746883392334e-01</leafValues></_>
    <_>
      <internalNodes>
        0 -1 2926962 -7.6466277241706848e-03</internalNodes>
      <leafValues>
        6.6042822599411011e-01 -9.6222572028636932e-02</leafValues></_>
    <_>
      <internalNodes>
        0 -1 2423557 -1.6792781651020050e-02</internalNodes>
      <leafValues>
        -7.7007985115051270e-01 9.5067635178565979e-02</leafValues></_>
    <_>
      <internalNodes>
        0 -1 2993390 -6.2896017916500568e-03</internalNodes>
      <leafValues>
        5.2879709005355835e-01 -1.3375143706798553e-01</leafValues></_></weakClassifiers></stage20>
</opencv_storage>
