<?xml version="1.0"?>
<opencv_storage>
<stage31>
  <maxWeakCount>29</maxWeakCount>
  <stageThreshold>-6.2510460615158081e-01</stageThreshold>
  <weakClassifiers>
    <_>
      <internalNodes>
        0 -1 1656366 1.9741948693990707e-02</internalNodes>
      <leafValues>
        4.4663211703300476e-01 -1.3191489875316620e-01</leafValues></_>
    <_>
      <internalNodes>
        0 -1 458048 2.9018884524703026e-02</internalNodes>
      <leafValues>
        -1.2835946679115295e-01 4.8256123065948486e-01</leafValues></_>
    <_>
      <internalNodes>
        0 -1 1423508 1.8416725099086761e-02</internalNodes>
      <leafValues>
        -1.7198430001735687e-01 3.6428892612457275e-01</leafValues></_>
    <_>
      <internalNodes>
        0 -1 156622 1.5686666592955589e-03</internalNodes>
      <leafValues>
        9.0134806931018829e-02 -4.6281567215919495e-01</leafValues></_>
    <_>
      <internalNodes>
        0 -1 2125760 2.2280093980953097e-04</internalNodes>
      <leafValues>
        -1.6745220124721527e-01 3.0024775862693787e-01</leafValues></_>
    <_>
      <internalNodes>
        0 -1 64667 -2.3107692599296570e-02</internalNodes>
      <leafValues>
        4.3660682439804077e-01 -1.4735697209835052e-01</leafValues></_>
    <_>
      <internalNodes>
        0 -1 1597390 -1.3138954527676105e-03</internalNodes>
      <leafValues>
        6.5827465057373047e-01 -6.6105440258979797e-02</leafValues></_>
    <_>
      <internalNodes>
        0 -1 622411 8.4973890334367752e-03</internalNodes>
      <leafValues>
        -1.7221574485301971e-01 2.8896009922027588e-01</leafValues></_>
    <_>
      <internalNodes>
        0 -1 1880306 -2.2113717568572611e-04</internalNodes>
      <leafValues>
        -7.0669960975646973e-01 6.5439298748970032e-02</leafValues></_>
    <_>
      <internalNodes>
        0 -1 1995089 4.2025919537991285e-04</internalNodes>
      <leafValues>
        -1.4167629182338715e-01 3.9012205600738525e-01</leafValues></_>
    <_>
      <internalNodes>
        0 -1 2810992 5.6815752759575844e-04</internalNodes>
      <leafValues>
        8.1250339746475220e-02 -7.1708834171295166e-01</leafValues></_>
    <_>
      <internalNodes>
        0 -1 1681883 -1.5756063163280487e-02</internalNodes>
      <leafValues>
        5.9334379434585571e-01 -1.0650297254323959e-01</leafValues></_>
    <_>
      <internalNodes>
        0 -1 2768507 3.9713177829980850e-03</internalNodes>
      <leafValues>
        -2.5287920236587524e-01 2.3215523362159729e-01</leafValues></_>
    <_>
      <internalNodes>
        0 -1 741799 2.3298170417547226e-02</internalNodes>
      <leafValues>
        1.1389073729515076e-01 -5.1731437444686890e-01</leafValues></_>
    <_>
      <internalNodes>
        0 -1 2188869 7.9476674727629870e-05</internalNodes>
      <leafValues>
        -2.0807427167892456e-01 2.5253576040267944e-01</leafValues></_>
    <_>
      <internalNodes>
        0 -1 1764498 5.1228964002802968e-04</internalNodes>
      <leafValues>
        -1.7086628079414368e-01 2.9090195894241333e-01</leafValues></_>
    <_>
      <internalNodes>
        0 -1 2380903 -1.4173029921948910e-04</internalNodes>
      <leafValues>
        -6.6852843761444092e-01 7.6045326888561249e-02</leafValues></_>
    <_>
      <internalNodes>
        0 -1 1262173 -1.0007251985371113e-03</internalNodes>
      <leafValues>
        4.8880046606063843e-01 -1.1353452503681183e-01</leafValues></_>
    <_>
      <internalNodes>
        0 -1 1368501 -6.0430273413658142e-02</internalNodes>
      <leafValues>
        -1.8498465418815613e-01 2.6660010218620300e-01</leafValues></_>
    <_>
      <internalNodes>
        0 -1 1576710 2.9395805904641747e-04</internalNodes>
      <leafValues>
        1.3498713076114655e-01 -4.1091436147689819e-01</leafValues></_>
    <_>
      <internalNodes>
        0 -1 182855 2.2414829581975937e-02</internalNodes>
      <leafValues>
        -1.1306991428136826e-01 5.1851087808609009e-01</leafValues></_>
    <_>
      <internalNodes>
        0 -1 2202962 1.0477736941538751e-04</internalNodes>
      <leafValues>
        8.3019345998764038e-02 -6.9005233049392700e-01</leafValues></_>
    <_>
      <internalNodes>
        0 -1 3019400 -5.6700446293689311e-05</internalNodes>
      <leafValues>
        -3.1219124794006348e-01 1.5285521745681763e-01</leafValues></_>
    <_>
      <internalNodes>
        0 -1 1541665 -1.5829969197511673e-02</internalNodes>
      <leafValues>
        6.8499708175659180e-01 -7.6436921954154968e-02</leafValues></_>
    <_>
      <internalNodes>
        0 -1 2742597 -7.2474158369004726e-03</internalNodes>
      <leafValues>
        9.8673917353153229e-02 -6.5234667062759399e-01</leafValues></_>
    <_>
      <internalNodes>
        0 -1 1847950 8.5539283463731408e-04</internalNodes>
      <leafValues>
        -1.0457510501146317e-01 5.6429648399353027e-01</leafValues></_>
    <_>
      <internalNodes>
        0 -1 1104631 -3.6029187031090260e-03</internalNodes>
      <leafValues>
        -5.7445394992828369e-01 8.9759588241577148e-02</leafValues></_>
    <_>
      <internalNodes>
        0 -1 838472 1.3157606590539217e-03</internalNodes>
      <leafValues>
        -1.0414033383131027e-01 5.1861816644668579e-01</leafValues></_>
    <_>
      <internalNodes>
        0 -1 1021298 -2.0341461058706045e-03</internalNodes>
      <leafValues>
        2.8835594654083252e-01 -2.0137278735637665e-01</leafValues></_></weakClassifiers></stage31>
</opencv_storage>
