<?xml version="1.0"?>
<opencv_storage>
<stage27>
  <maxWeakCount>25</maxWeakCount>
  <stageThreshold>-6.5681821107864380e-01</stageThreshold>
  <weakClassifiers>
    <_>
      <internalNodes>
        0 -1 1788556 8.7277975399047136e-04</internalNodes>
      <leafValues>
        3.9485359191894531e-01 -6.1643832921981812e-01</leafValues></_>
    <_>
      <internalNodes>
        0 -1 1578252 -9.9811665713787079e-03</internalNodes>
      <leafValues>
        4.5218655467033386e-01 -1.1578729748725891e-01</leafValues></_>
    <_>
      <internalNodes>
        0 -1 595802 -3.7008933722972870e-02</internalNodes>
      <leafValues>
        -1.4212888479232788e-01 5.6129491329193115e-01</leafValues></_>
    <_>
      <internalNodes>
        0 -1 2281354 -4.0192771703004837e-02</internalNodes>
      <leafValues>
        -6.4323502779006958e-01 9.7910411655902863e-02</leafValues></_>
    <_>
      <internalNodes>
        0 -1 2922702 -4.3725885916501284e-04</internalNodes>
      <leafValues>
        -5.7095354795455933e-01 7.4308693408966064e-02</leafValues></_>
    <_>
      <internalNodes>
        0 -1 973398 -7.7476706355810165e-03</internalNodes>
      <leafValues>
        -7.1826916933059692e-01 6.6829696297645569e-02</leafValues></_>
    <_>
      <internalNodes>
        0 -1 1510660 1.7573258373886347e-03</internalNodes>
      <leafValues>
        -1.2606297433376312e-01 4.1329234838485718e-01</leafValues></_>
    <_>
      <internalNodes>
        0 -1 1508519 -8.1443116068840027e-03</internalNodes>
      <leafValues>
        4.7274175286293030e-01 -1.9281826913356781e-01</leafValues></_>
    <_>
      <internalNodes>
        0 -1 987789 -2.7190149012312759e-06</internalNodes>
      <leafValues>
        2.5022077560424805e-01 -2.3023435473442078e-01</leafValues></_>
    <_>
      <internalNodes>
        0 -1 1162263 -1.1783239897340536e-03</internalNodes>
      <leafValues>
        2.0737875998020172e-01 -2.7269303798675537e-01</leafValues></_>
    <_>
      <internalNodes>
        0 -1 107238 1.6569026047363877e-03</internalNodes>
      <leafValues>
        7.1489892899990082e-02 -6.2438368797302246e-01</leafValues></_>
    <_>
      <internalNodes>
        0 -1 2160418 1.5153735876083374e-04</internalNodes>
      <leafValues>
        9.7179032862186432e-02 -5.1248478889465332e-01</leafValues></_>
    <_>
      <internalNodes>
        0 -1 1379212 1.2495768023654819e-03</internalNodes>
      <leafValues>
        7.3940470814704895e-02 -6.2138587236404419e-01</leafValues></_>
    <_>
      <internalNodes>
        0 -1 3023754 6.2832969706505537e-04</internalNodes>
      <leafValues>
        1.2709794938564301e-01 -4.0790203213691711e-01</leafValues></_>
    <_>
      <internalNodes>
        0 -1 573660 1.6339696012437344e-03</internalNodes>
      <leafValues>
        -1.2882094085216522e-01 4.5615679025650024e-01</leafValues></_>
    <_>
      <internalNodes>
        0 -1 2712764 4.7529577277600765e-03</internalNodes>
      <leafValues>
        -1.2492053955793381e-01 4.4226583838462830e-01</leafValues></_>
    <_>
      <internalNodes>
        0 -1 2782228 -3.4153196611441672e-04</internalNodes>
      <leafValues>
        3.0715861916542053e-01 -1.8281204998493195e-01</leafValues></_>
    <_>
      <internalNodes>
        0 -1 2426954 9.1142943128943443e-03</internalNodes>
      <leafValues>
        6.9607511162757874e-02 -8.3676993846893311e-01</leafValues></_>
    <_>
      <internalNodes>
        0 -1 2069173 3.1226745340973139e-04</internalNodes>
      <leafValues>
        -1.6591817140579224e-01 3.4289801120758057e-01</leafValues></_>
    <_>
      <internalNodes>
        0 -1 1677760 9.5256941858679056e-04</internalNodes>
      <leafValues>
        -1.2176410853862762e-01 4.2592847347259521e-01</leafValues></_>
    <_>
      <internalNodes>
        0 -1 1838176 -2.7568626683205366e-03</internalNodes>
      <leafValues>
        -3.1484559178352356e-01 1.9817964732646942e-01</leafValues></_>
    <_>
      <internalNodes>
        0 -1 1584444 1.7786297248676419e-03</internalNodes>
      <leafValues>
        7.5796104967594147e-02 -7.7921652793884277e-01</leafValues></_>
    <_>
      <internalNodes>
        0 -1 816267 -1.5631210990250111e-03</internalNodes>
      <leafValues>
        -6.7372310161590576e-01 6.7453198134899139e-02</leafValues></_>
    <_>
      <internalNodes>
        0 -1 169031 2.5990526191890240e-03</internalNodes>
      <leafValues>
        -2.1345442533493042e-01 3.0002605915069580e-01</leafValues></_>
    <_>
      <internalNodes>
        0 -1 2123965 -2.2394596599042416e-03</internalNodes>
      <leafValues>
        1.0166906565427780e-01 -5.6752979755401611e-01</leafValues></_></weakClassifiers></stage27>
</opencv_storage>
