<?xml version="1.0"?>
<opencv_storage>
<stage21>
  <maxWeakCount>27</maxWeakCount>
  <stageThreshold>-6.0253953933715820e-01</stageThreshold>
  <weakClassifiers>
    <_>
      <internalNodes>
        0 -1 2287457 -9.8875872790813446e-03</internalNodes>
      <leafValues>
        5.6260436773300171e-01 1.0482528805732727e-01</leafValues></_>
    <_>
      <internalNodes>
        0 -1 161753 -1.2740803882479668e-02</internalNodes>
      <leafValues>
        7.1074938774108887e-01 -5.0325054675340652e-02</leafValues></_>
    <_>
      <internalNodes>
        0 -1 447418 2.6943422853946686e-02</internalNodes>
      <leafValues>
        -2.3152533173561096e-01 3.5263097286224365e-01</leafValues></_>
    <_>
      <internalNodes>
        0 -1 2138411 -1.2577484594658017e-03</internalNodes>
      <leafValues>
        3.7525194883346558e-01 -1.1679387837648392e-01</leafValues></_>
    <_>
      <internalNodes>
        0 -1 5212 4.8151490045711398e-04</internalNodes>
      <leafValues>
        6.3105285167694092e-02 -7.2185885906219482e-01</leafValues></_>
    <_>
      <internalNodes>
        0 -1 348945 -3.4014279954135418e-03</internalNodes>
      <leafValues>
        3.4314212203025818e-01 -1.7096917331218719e-01</leafValues></_>
    <_>
      <internalNodes>
        0 -1 2778299 -4.4720396399497986e-03</internalNodes>
      <leafValues>
        4.8277503252029419e-01 -1.1195058375597000e-01</leafValues></_>
    <_>
      <internalNodes>
        0 -1 2796992 -1.0354290716350079e-03</internalNodes>
      <leafValues>
        2.3200404644012451e-01 -2.6034584641456604e-01</leafValues></_>
    <_>
      <internalNodes>
        0 -1 2100573 6.7149259848520160e-05</internalNodes>
      <leafValues>
        9.5892630517482758e-02 -5.8576577901840210e-01</leafValues></_>
    <_>
      <internalNodes>
        0 -1 2752875 1.5334188938140869e-03</internalNodes>
      <leafValues>
        -1.0449767857789993e-01 5.4205220937728882e-01</leafValues></_>
    <_>
      <internalNodes>
        0 -1 2940413 -5.1144260913133621e-02</internalNodes>
      <leafValues>
        -8.9027225971221924e-01 6.5788701176643372e-02</leafValues></_>
    <_>
      <internalNodes>
        0 -1 236699 9.6356924623250961e-03</internalNodes>
      <leafValues>
        -1.1542812734842300e-01 5.3185588121414185e-01</leafValues></_>
    <_>
      <internalNodes>
        0 -1 2594906 -1.7940828111022711e-03</internalNodes>
      <leafValues>
        -7.6294821500778198e-01 7.4978202581405640e-02</leafValues></_>
    <_>
      <internalNodes>
        0 -1 427342 -5.1409319043159485e-02</internalNodes>
      <leafValues>
        -6.8509590625762939e-01 6.8592377007007599e-02</leafValues></_>
    <_>
      <internalNodes>
        0 -1 2929443 3.0130103230476379e-02</internalNodes>
      <leafValues>
        -7.7528722584247589e-02 7.9602527618408203e-01</leafValues></_>
    <_>
      <internalNodes>
        0 -1 2477268 -2.2637452930212021e-03</internalNodes>
      <leafValues>
        2.4531438946723938e-01 -2.3482546210289001e-01</leafValues></_>
    <_>
      <internalNodes>
        0 -1 2968385 -9.7774863243103027e-03</internalNodes>
      <leafValues>
        6.6838008165359497e-01 -9.2684693634510040e-02</leafValues></_>
    <_>
      <internalNodes>
        0 -1 965635 1.8933067098259926e-02</internalNodes>
      <leafValues>
        -6.6567569971084595e-02 6.8265253305435181e-01</leafValues></_>
    <_>
      <internalNodes>
        0 -1 2606536 5.1113334484398365e-03</internalNodes>
      <leafValues>
        -9.9548891186714172e-02 5.4990148544311523e-01</leafValues></_>
    <_>
      <internalNodes>
        0 -1 1893991 -9.3824273790232837e-05</internalNodes>
      <leafValues>
        -5.7042866945266724e-01 1.2131404131650925e-01</leafValues></_>
    <_>
      <internalNodes>
        0 -1 2642078 -5.3142521210247651e-05</internalNodes>
      <leafValues>
        2.1674038469791412e-01 -2.7760908007621765e-01</leafValues></_>
    <_>
      <internalNodes>
        0 -1 2767688 6.6682130098342896e-02</internalNodes>
      <leafValues>
        7.2713755071163177e-02 -7.6737207174301147e-01</leafValues></_>
    <_>
      <internalNodes>
        0 -1 1872724 1.0982673848047853e-03</internalNodes>
      <leafValues>
        5.6835990399122238e-02 -7.5126606225967407e-01</leafValues></_>
    <_>
      <internalNodes>
        0 -1 236050 -1.1368116363883018e-02</internalNodes>
      <leafValues>
        5.6237548589706421e-01 -1.0700663179159164e-01</leafValues></_>
    <_>
      <internalNodes>
        0 -1 118584 2.3698562756180763e-02</internalNodes>
      <leafValues>
        -1.3542614877223969e-01 4.0383103489875793e-01</leafValues></_>
    <_>
      <internalNodes>
        0 -1 2856728 1.1952680535614491e-02</internalNodes>
      <leafValues>
        -1.0767437517642975e-01 4.6506699919700623e-01</leafValues></_>
    <_>
      <internalNodes>
        0 -1 2346563 -6.1581828049384058e-05</internalNodes>
      <leafValues>
        -5.2381086349487305e-01 1.0758207738399506e-01</leafValues></_></weakClassifiers></stage21>
</opencv_storage>
