<?xml version="1.0"?>
<opencv_storage>
<stage28>
  <maxWeakCount>25</maxWeakCount>
  <stageThreshold>-5.4234158992767334e-01</stageThreshold>
  <weakClassifiers>
    <_>
      <internalNodes>
        0 -1 1733764 -6.2540963292121887e-02</internalNodes>
      <leafValues>
        -6.6101694107055664e-01 3.8475021719932556e-01</leafValues></_>
    <_>
      <internalNodes>
        0 -1 1893447 -1.3910220935940742e-02</internalNodes>
      <leafValues>
        3.6625432968139648e-01 -1.8570840358734131e-01</leafValues></_>
    <_>
      <internalNodes>
        0 -1 2027699 9.7849518060684204e-03</internalNodes>
      <leafValues>
        -2.4817261099815369e-01 2.4169340729713440e-01</leafValues></_>
    <_>
      <internalNodes>
        0 -1 1241414 5.4738642647862434e-03</internalNodes>
      <leafValues>
        -1.4764682948589325e-01 3.8878542184829712e-01</leafValues></_>
    <_>
      <internalNodes>
        0 -1 3019780 -1.6532404697500169e-04</internalNodes>
      <leafValues>
        -6.0865205526351929e-01 8.8254727423191071e-02</leafValues></_>
    <_>
      <internalNodes>
        0 -1 1527524 -7.9440433182753623e-06</internalNodes>
      <leafValues>
        2.2727234661579132e-01 -2.7532657980918884e-01</leafValues></_>
    <_>
      <internalNodes>
        0 -1 1196378 9.0559042291715741e-05</internalNodes>
      <leafValues>
        -2.2975045442581177e-01 2.2367018461227417e-01</leafValues></_>
    <_>
      <internalNodes>
        0 -1 2781780 -5.9752222150564194e-03</internalNodes>
      <leafValues>
        -5.2891969680786133e-01 7.9967282712459564e-02</leafValues></_>
    <_>
      <internalNodes>
        0 -1 2943702 6.9735124707221985e-03</internalNodes>
      <leafValues>
        -6.5957278013229370e-02 7.7363049983978271e-01</leafValues></_>
    <_>
      <internalNodes>
        0 -1 2602178 -5.8036133850691840e-05</internalNodes>
      <leafValues>
        -4.8011976480484009e-01 1.0569584369659424e-01</leafValues></_>
    <_>
      <internalNodes>
        0 -1 768387 -5.1134690642356873e-02</internalNodes>
      <leafValues>
        4.4051611423492432e-01 -1.1264856904745102e-01</leafValues></_>
    <_>
      <internalNodes>
        0 -1 1062637 -1.2318478897213936e-02</internalNodes>
      <leafValues>
        -6.1253815889358521e-01 1.1275237053632736e-01</leafValues></_>
    <_>
      <internalNodes>
        0 -1 351460 -3.5773012787103653e-03</internalNodes>
      <leafValues>
        -9.9791586399078369e-02 6.1645573377609253e-01</leafValues></_>
    <_>
      <internalNodes>
        0 -1 1764474 -2.1901825675740838e-04</internalNodes>
      <leafValues>
        3.4370490908622742e-01 -1.6621178388595581e-01</leafValues></_>
    <_>
      <internalNodes>
        0 -1 557583 5.7365028187632561e-03</internalNodes>
      <leafValues>
        -9.1552369296550751e-02 5.8571594953536987e-01</leafValues></_>
    <_>
      <internalNodes>
        0 -1 2994419 4.9763236893340945e-04</internalNodes>
      <leafValues>
        1.0232357680797577e-01 -6.1000990867614746e-01</leafValues></_>
    <_>
      <internalNodes>
        0 -1 2471038 1.3006367953494191e-03</internalNodes>
      <leafValues>
        -1.1608914285898209e-01 5.1049178838729858e-01</leafValues></_>
    <_>
      <internalNodes>
        0 -1 444053 5.0196895608678460e-04</internalNodes>
      <leafValues>
        -1.4201182126998901e-01 3.7833115458488464e-01</leafValues></_>
    <_>
      <internalNodes>
        0 -1 484239 1.8877442926168442e-03</internalNodes>
      <leafValues>
        -1.4972203969955444e-01 3.7185367941856384e-01</leafValues></_>
    <_>
      <internalNodes>
        0 -1 441793 -1.5199121553450823e-03</internalNodes>
      <leafValues>
        -8.7080514430999756e-01 6.9484226405620575e-02</leafValues></_>
    <_>
      <internalNodes>
        0 -1 413394 4.2618192732334137e-02</internalNodes>
      <leafValues>
        6.6360518336296082e-02 -6.7314475774765015e-01</leafValues></_>
    <_>
      <internalNodes>
        0 -1 114670 9.5518189482390881e-06</internalNodes>
      <leafValues>
        1.5986445546150208e-01 -3.1033605337142944e-01</leafValues></_>
    <_>
      <internalNodes>
        0 -1 1696290 1.3527892297133803e-03</internalNodes>
      <leafValues>
        -9.3102566897869110e-02 5.7923549413681030e-01</leafValues></_>
    <_>
      <internalNodes>
        0 -1 2374362 9.4282943755388260e-03</internalNodes>
      <leafValues>
        7.3820397257804871e-02 -8.4968984127044678e-01</leafValues></_>
    <_>
      <internalNodes>
        0 -1 2257111 -1.1104620061814785e-03</internalNodes>
      <leafValues>
        -8.5900676250457764e-01 4.3824970722198486e-02</leafValues></_></weakClassifiers></stage28>
</opencv_storage>
