<?xml version="1.0"?>
<opencv_storage>
<stage4>
  <maxWeakCount>14</maxWeakCount>
  <stageThreshold>-6.5303790569305420e-01</stageThreshold>
  <weakClassifiers>
    <_>
      <internalNodes>
        0 -1 420048 1.2671771459281445e-02</internalNodes>
      <leafValues>
        -1.0396975278854370e-01 6.7809242010116577e-01</leafValues></_>
    <_>
      <internalNodes>
        0 -1 2687542 -5.4160647094249725e-02</internalNodes>
      <leafValues>
        6.8821525573730469e-01 -1.6802667081356049e-01</leafValues></_>
    <_>
      <internalNodes>
        0 -1 1277785 1.9958160817623138e-02</internalNodes>
      <leafValues>
        -2.8773093223571777e-01 4.6368962526321411e-01</leafValues></_>
    <_>
      <internalNodes>
        0 -1 1322990 3.2094653695821762e-02</internalNodes>
      <leafValues>
        1.2326867133378983e-01 -7.6809585094451904e-01</leafValues></_>
    <_>
      <internalNodes>
        0 -1 430438 2.0671743899583817e-02</internalNodes>
      <leafValues>
        -2.1277362108230591e-01 6.3432335853576660e-01</leafValues></_>
    <_>
      <internalNodes>
        0 -1 116831 -1.2678517028689384e-02</internalNodes>
      <leafValues>
        6.4159268140792847e-01 -1.6879373788833618e-01</leafValues></_>
    <_>
      <internalNodes>
        0 -1 2908896 2.1698702126741409e-02</internalNodes>
      <leafValues>
        -1.9016307592391968e-01 4.9829658865928650e-01</leafValues></_>
    <_>
      <internalNodes>
        0 -1 1594279 -1.0214775800704956e-02</internalNodes>
      <leafValues>
        7.5766670703887939e-01 -1.0577380657196045e-01</leafValues></_>
    <_>
      <internalNodes>
        0 -1 1416942 1.2303667142987251e-02</internalNodes>
      <leafValues>
        -1.7803081870079041e-01 5.2054476737976074e-01</leafValues></_>
    <_>
      <internalNodes>
        0 -1 1037728 -6.1794616281986237e-02</internalNodes>
      <leafValues>
        -7.5171160697937012e-01 1.4026226103305817e-01</leafValues></_>
    <_>
      <internalNodes>
        0 -1 1024200 7.8297877917066216e-04</internalNodes>
      <leafValues>
        -2.3190495371818542e-01 4.1839298605918884e-01</leafValues></_>
    <_>
      <internalNodes>
        0 -1 422047 2.8839353471994400e-02</internalNodes>
      <leafValues>
        1.7037837207317352e-01 -5.9238582849502563e-01</leafValues></_>
    <_>
      <internalNodes>
        0 -1 405712 1.2450473383069038e-02</internalNodes>
      <leafValues>
        -1.4767831563949585e-01 6.2264543771743774e-01</leafValues></_>
    <_>
      <internalNodes>
        0 -1 2035018 -1.2429311755113304e-04</internalNodes>
      <leafValues>
        -7.9094761610031128e-01 1.2342039495706558e-01</leafValues></_></weakClassifiers></stage4>
</opencv_storage>
