<?xml version="1.0"?>
<opencv_storage>
<stage1>
  <maxWeakCount>11</maxWeakCount>
  <stageThreshold>-1.1061805486679077e+00</stageThreshold>
  <weakClassifiers>
    <_>
      <internalNodes>
        0 -1 2072851 2.6164341252297163e-03</internalNodes>
      <leafValues>
        -1.2864494323730469e-01 7.6985412836074829e-01</leafValues></_>
    <_>
      <internalNodes>
        0 -1 1924680 -1.0457169264554977e-01</internalNodes>
      <leafValues>
        -7.7504122257232666e-01 3.0684578418731689e-01</leafValues></_>
    <_>
      <internalNodes>
        0 -1 956981 6.0797622427344322e-03</internalNodes>
      <leafValues>
        -3.2877591252326965e-01 5.9183400869369507e-01</leafValues></_>
    <_>
      <internalNodes>
        0 -1 510251 2.2755846381187439e-02</internalNodes>
      <leafValues>
        -2.3845832049846649e-01 6.6563087701797485e-01</leafValues></_>
    <_>
      <internalNodes>
        0 -1 2433984 -3.9016338996589184e-04</internalNodes>
      <leafValues>
        6.5165668725967407e-01 -1.8312790989875793e-01</leafValues></_>
    <_>
      <internalNodes>
        0 -1 1326608 -2.7993642725050449e-03</internalNodes>
      <leafValues>
        5.2088689804077148e-01 -2.7894705533981323e-01</leafValues></_>
    <_>
      <internalNodes>
        0 -1 2450059 -1.7758391797542572e-02</internalNodes>
      <leafValues>
        5.4930764436721802e-01 -2.4755786359310150e-01</leafValues></_>
    <_>
      <internalNodes>
        0 -1 1138 -3.2206729054450989e-02</internalNodes>
      <leafValues>
        5.9652400016784668e-01 -2.4512256681919098e-01</leafValues></_>
    <_>
      <internalNodes>
        0 -1 2841182 7.7396556735038757e-03</internalNodes>
      <leafValues>
        -1.9974510371685028e-01 5.9615486860275269e-01</leafValues></_>
    <_>
      <internalNodes>
        0 -1 1082373 4.3650934821926057e-04</internalNodes>
      <leafValues>
        -2.4899272620677948e-01 4.9874722957611084e-01</leafValues></_>
    <_>
      <internalNodes>
        0 -1 992796 1.4893401414155960e-02</internalNodes>
      <leafValues>
        -2.1215306222438812e-01 5.7472652196884155e-01</leafValues></_></weakClassifiers></stage1>
</opencv_storage>
