<?xml version="1.0"?>
<opencv_storage>
<stage29>
  <maxWeakCount>27</maxWeakCount>
  <stageThreshold>-7.0229911804199219e-01</stageThreshold>
  <weakClassifiers>
    <_>
      <internalNodes>
        0 -1 2287099 -3.3675553277134895e-03</internalNodes>
      <leafValues>
        5.4234766960144043e-01 6.6413663327693939e-02</leafValues></_>
    <_>
      <internalNodes>
        0 -1 2272551 -4.8020435497164726e-03</internalNodes>
      <leafValues>
        3.0089333653450012e-01 -1.9103516638278961e-01</leafValues></_>
    <_>
      <internalNodes>
        0 -1 568566 -8.8753253221511841e-03</internalNodes>
      <leafValues>
        -8.3122648298740387e-02 6.0520690679550171e-01</leafValues></_>
    <_>
      <internalNodes>
        0 -1 2256719 -1.2276262044906616e-02</internalNodes>
      <leafValues>
        -4.8574927449226379e-01 1.1181753128767014e-01</leafValues></_>
    <_>
      <internalNodes>
        0 -1 2433966 -5.6477665202692151e-04</internalNodes>
      <leafValues>
        -8.7135368585586548e-01 7.0112019777297974e-02</leafValues></_>
    <_>
      <internalNodes>
        0 -1 2785142 3.7859457079321146e-03</internalNodes>
      <leafValues>
        -8.1437669694423676e-02 7.0094066858291626e-01</leafValues></_>
    <_>
      <internalNodes>
        0 -1 683569 -1.6423527151346207e-02</internalNodes>
      <leafValues>
        5.6663244962692261e-01 -1.0593709349632263e-01</leafValues></_>
    <_>
      <internalNodes>
        0 -1 1997881 -1.3495006132870913e-03</internalNodes>
      <leafValues>
        5.4546451568603516e-01 -6.8651169538497925e-02</leafValues></_>
    <_>
      <internalNodes>
        0 -1 2726717 -5.0771617679856718e-05</internalNodes>
      <leafValues>
        1.7011936008930206e-01 -3.2602441310882568e-01</leafValues></_>
    <_>
      <internalNodes>
        0 -1 632151 -4.5111134648323059e-02</internalNodes>
      <leafValues>
        7.9480119049549103e-02 -6.5940839052200317e-01</leafValues></_>
    <_>
      <internalNodes>
        0 -1 3024354 2.7236230380367488e-05</internalNodes>
      <leafValues>
        1.3898724317550659e-01 -3.7968954443931580e-01</leafValues></_>
    <_>
      <internalNodes>
        0 -1 2462954 -2.7575012296438217e-02</internalNodes>
      <leafValues>
        -7.8969305753707886e-01 7.1551211178302765e-02</leafValues></_>
    <_>
      <internalNodes>
        0 -1 885426 -1.7878789454698563e-02</internalNodes>
      <leafValues>
        -9.3032872676849365e-01 4.0116563439369202e-02</leafValues></_>
    <_>
      <internalNodes>
        0 -1 1184010 -6.2282435595989227e-02</internalNodes>
      <leafValues>
        -7.5234597921371460e-01 5.4884172976016998e-02</leafValues></_>
    <_>
      <internalNodes>
        0 -1 1437888 -1.7862190725281835e-04</internalNodes>
      <leafValues>
        2.2193239629268646e-01 -2.2925186157226563e-01</leafValues></_>
    <_>
      <internalNodes>
        0 -1 1484979 2.2466643713414669e-04</internalNodes>
      <leafValues>
        -2.2663576900959015e-01 2.4260404706001282e-01</leafValues></_>
    <_>
      <internalNodes>
        0 -1 1683651 -5.2205249667167664e-03</internalNodes>
      <leafValues>
        -7.7525025606155396e-01 6.9030128419399261e-02</leafValues></_>
    <_>
      <internalNodes>
        0 -1 1179108 5.2289366722106934e-03</internalNodes>
      <leafValues>
        -1.1758367717266083e-01 5.0446832180023193e-01</leafValues></_>
    <_>
      <internalNodes>
        0 -1 752547 -1.6920097172260284e-02</internalNodes>
      <leafValues>
        6.2798613309860229e-01 -8.3750434219837189e-02</leafValues></_>
    <_>
      <internalNodes>
        0 -1 864139 7.4329378549009562e-04</internalNodes>
      <leafValues>
        -1.9490724802017212e-01 2.8817355632781982e-01</leafValues></_>
    <_>
      <internalNodes>
        0 -1 1972424 1.1858784593641758e-02</internalNodes>
      <leafValues>
        -2.2179792821407318e-01 3.7685546278953552e-01</leafValues></_>
    <_>
      <internalNodes>
        0 -1 1745863 4.8013500869274139e-02</internalNodes>
      <leafValues>
        1.0197283327579498e-01 -6.5854102373123169e-01</leafValues></_>
    <_>
      <internalNodes>
        0 -1 3019796 -1.1002829705830663e-04</internalNodes>
      <leafValues>
        -3.8843503594398499e-01 1.2412859499454498e-01</leafValues></_>
    <_>
      <internalNodes>
        0 -1 3005014 1.6061512724263594e-05</internalNodes>
      <leafValues>
        1.7325933277606964e-01 -3.0105412006378174e-01</leafValues></_>
    <_>
      <internalNodes>
        0 -1 2848558 -1.1841118335723877e-02</internalNodes>
      <leafValues>
        4.6881911158561707e-01 -1.3878104090690613e-01</leafValues></_>
    <_>
      <internalNodes>
        0 -1 2889013 -1.4958187937736511e-02</internalNodes>
      <leafValues>
        4.6015930175781250e-01 -1.1607837677001953e-01</leafValues></_>
    <_>
      <internalNodes>
        0 -1 2817510 1.1234649718971923e-05</internalNodes>
      <leafValues>
        -2.1934394538402557e-01 2.6228076219558716e-01</leafValues></_></weakClassifiers></stage29>
</opencv_storage>
