<?xml version="1.0"?>
<opencv_storage>
<stage8>
  <maxWeakCount>18</maxWeakCount>
  <stageThreshold>-9.2146682739257813e-01</stageThreshold>
  <weakClassifiers>
    <_>
      <internalNodes>
        0 -1 2076904 -1.7973512411117554e-02</internalNodes>
      <leafValues>
        7.4630022048950195e-01 6.4649246633052826e-02</leafValues></_>
    <_>
      <internalNodes>
        0 -1 967671 -6.9138705730438232e-03</internalNodes>
      <leafValues>
        3.2847970724105835e-01 -3.4048202633857727e-01</leafValues></_>
    <_>
      <internalNodes>
        0 -1 357154 1.4577163383364677e-02</internalNodes>
      <leafValues>
        -1.5428081154823303e-01 6.1359286308288574e-01</leafValues></_>
    <_>
      <internalNodes>
        0 -1 1129320 -1.5592685341835022e-01</internalNodes>
      <leafValues>
        -7.7516317367553711e-01 9.2057377099990845e-02</leafValues></_>
    <_>
      <internalNodes>
        0 -1 472891 -3.8187843747437000e-03</internalNodes>
      <leafValues>
        4.5936170220375061e-01 -1.8911464512348175e-01</leafValues></_>
    <_>
      <internalNodes>
        0 -1 674819 -8.0254618078470230e-03</internalNodes>
      <leafValues>
        4.9656754732131958e-01 -1.6295875608921051e-01</leafValues></_>
    <_>
      <internalNodes>
        0 -1 2815492 7.3342425748705864e-03</internalNodes>
      <leafValues>
        -1.8287819623947144e-01 4.5351693034172058e-01</leafValues></_>
    <_>
      <internalNodes>
        0 -1 2850866 -7.5567275285720825e-02</internalNodes>
      <leafValues>
        7.3054438829421997e-01 -1.0685347765684128e-01</leafValues></_>
    <_>
      <internalNodes>
        0 -1 395487 2.3725652135908604e-03</internalNodes>
      <leafValues>
        -1.7993783950805664e-01 4.5376738905906677e-01</leafValues></_>
    <_>
      <internalNodes>
        0 -1 1209889 -4.8334971070289612e-03</internalNodes>
      <leafValues>
        3.7121811509132385e-01 -1.9925662875175476e-01</leafValues></_>
    <_>
      <internalNodes>
        0 -1 2462842 4.2871250770986080e-03</internalNodes>
      <leafValues>
        -1.9687478244304657e-01 3.7740671634674072e-01</leafValues></_>
    <_>
      <internalNodes>
        0 -1 2305746 1.1415835469961166e-03</internalNodes>
      <leafValues>
        -1.8250770866870880e-01 4.6023195981979370e-01</leafValues></_>
    <_>
      <internalNodes>
        0 -1 1362242 -7.6672453433275223e-03</internalNodes>
      <leafValues>
        6.5994936227798462e-01 -9.2750564217567444e-02</leafValues></_>
    <_>
      <internalNodes>
        0 -1 1178514 4.0958803147077560e-03</internalNodes>
      <leafValues>
        -1.8020032346248627e-01 4.3337854743003845e-01</leafValues></_>
    <_>
      <internalNodes>
        0 -1 236985 4.5936871320009232e-02</internalNodes>
      <leafValues>
        -1.2964648008346558e-01 5.9730947017669678e-01</leafValues></_>
    <_>
      <internalNodes>
        0 -1 2946275 1.6680361703038216e-02</internalNodes>
      <leafValues>
        -1.6099901497364044e-01 5.0143498182296753e-01</leafValues></_>
    <_>
      <internalNodes>
        0 -1 2178939 1.1429470032453537e-03</internalNodes>
      <leafValues>
        -1.8432435393333435e-01 4.0459731221199036e-01</leafValues></_>
    <_>
      <internalNodes>
        0 -1 1046761 -4.4209554791450500e-02</internalNodes>
      <leafValues>
        -5.6468063592910767e-01 1.4323052763938904e-01</leafValues></_></weakClassifiers></stage8>
</opencv_storage>
