<?xml version="1.0"?>
<opencv_storage>
<stage3>
  <maxWeakCount>14</maxWeakCount>
  <stageThreshold>-7.8902935981750488e-01</stageThreshold>
  <weakClassifiers>
    <_>
      <internalNodes>
        0 -1 1456229 3.0407682061195374e-02</internalNodes>
      <leafValues>
        -1.5479875728487968e-02 7.4007219076156616e-01</leafValues></_>
    <_>
      <internalNodes>
        0 -1 851548 -1.7522927373647690e-02</internalNodes>
      <leafValues>
        -9.3550354242324829e-01 2.3030650615692139e-01</leafValues></_>
    <_>
      <internalNodes>
        0 -1 325422 -1.1790794320404530e-02</internalNodes>
      <leafValues>
        5.0667756795883179e-01 -2.6919224858283997e-01</leafValues></_>
    <_>
      <internalNodes>
        0 -1 1981712 -2.7259074151515961e-02</internalNodes>
      <leafValues>
        1.7723178863525391e-01 -7.2462648153305054e-01</leafValues></_>
    <_>
      <internalNodes>
        0 -1 1137994 1.9636838987935334e-04</internalNodes>
      <leafValues>
        -3.2022675871849060e-01 3.9803522825241089e-01</leafValues></_>
    <_>
      <internalNodes>
        0 -1 2669821 5.7550645433366299e-03</internalNodes>
      <leafValues>
        -2.0954470336437225e-01 5.3573876619338989e-01</leafValues></_>
    <_>
      <internalNodes>
        0 -1 2199014 1.5398889081552625e-04</internalNodes>
      <leafValues>
        -2.2079965472221375e-01 5.1142138242721558e-01</leafValues></_>
    <_>
      <internalNodes>
        0 -1 2920087 -1.2988704256713390e-03</internalNodes>
      <leafValues>
        5.3613781929016113e-01 -1.6510398685932159e-01</leafValues></_>
    <_>
      <internalNodes>
        0 -1 1425482 3.8599024992436171e-03</internalNodes>
      <leafValues>
        -2.0517635345458984e-01 4.9693730473518372e-01</leafValues></_>
    <_>
      <internalNodes>
        0 -1 2848586 -2.3423464968800545e-02</internalNodes>
      <leafValues>
        6.8791961669921875e-01 -1.7873057723045349e-01</leafValues></_>
    <_>
      <internalNodes>
        0 -1 2954299 2.5044032372534275e-03</internalNodes>
      <leafValues>
        -1.5377533435821533e-01 6.2534826993942261e-01</leafValues></_>
    <_>
      <internalNodes>
        0 -1 2447716 -2.4365917779505253e-03</internalNodes>
      <leafValues>
        3.8886836171150208e-01 -3.2763823866844177e-01</leafValues></_>
    <_>
      <internalNodes>
        0 -1 10128 -2.8169231489300728e-02</internalNodes>
      <leafValues>
        5.8848112821578979e-01 -1.9779445230960846e-01</leafValues></_>
    <_>
      <internalNodes>
        0 -1 146332 1.2560812756419182e-02</internalNodes>
      <leafValues>
        -1.6725757718086243e-01 6.4788103103637695e-01</leafValues></_></weakClassifiers></stage3>
</opencv_storage>
