<?xml version="1.0"?>
<opencv_storage>
<stage2>
  <maxWeakCount>14</maxWeakCount>
  <stageThreshold>-7.6179337501525879e-01</stageThreshold>
  <weakClassifiers>
    <_>
      <internalNodes>
        0 -1 382152 1.7821587622165680e-02</internalNodes>
      <leafValues>
        -6.0283686965703964e-02 6.8238991498947144e-01</leafValues></_>
    <_>
      <internalNodes>
        0 -1 1907241 5.8922227472066879e-03</internalNodes>
      <leafValues>
        -2.8117075562477112e-01 5.1596051454544067e-01</leafValues></_>
    <_>
      <internalNodes>
        0 -1 2667124 -8.2874884828925133e-03</internalNodes>
      <leafValues>
        -6.8432897329330444e-01 2.2309730947017670e-01</leafValues></_>
    <_>
      <internalNodes>
        0 -1 2797145 -4.1596288792788982e-03</internalNodes>
      <leafValues>
        4.6537244319915771e-01 -3.2669767737388611e-01</leafValues></_>
    <_>
      <internalNodes>
        0 -1 2133338 4.8303033690899611e-04</internalNodes>
      <leafValues>
        -2.1721842885017395e-01 5.9231358766555786e-01</leafValues></_>
    <_>
      <internalNodes>
        0 -1 2600915 -1.7920057871378958e-04</internalNodes>
      <leafValues>
        4.2954435944557190e-01 -3.0141544342041016e-01</leafValues></_>
    <_>
      <internalNodes>
        0 -1 958004 -1.0496922768652439e-03</internalNodes>
      <leafValues>
        5.1477736234664917e-01 -2.1041598916053772e-01</leafValues></_>
    <_>
      <internalNodes>
        0 -1 2138766 -4.0973897557705641e-04</internalNodes>
      <leafValues>
        5.4105937480926514e-01 -1.8854412436485291e-01</leafValues></_>
    <_>
      <internalNodes>
        0 -1 2818641 -9.9869333207607269e-03</internalNodes>
      <leafValues>
        5.7730257511138916e-01 -2.0916318893432617e-01</leafValues></_>
    <_>
      <internalNodes>
        0 -1 2665406 2.7161195874214172e-02</internalNodes>
      <leafValues>
        -1.7577923834323883e-01 7.2058510780334473e-01</leafValues></_>
    <_>
      <internalNodes>
        0 -1 2537398 -1.5046044718474150e-03</internalNodes>
      <leafValues>
        5.7834798097610474e-01 -2.1850183606147766e-01</leafValues></_>
    <_>
      <internalNodes>
        0 -1 2478438 -2.5717937387526035e-03</internalNodes>
      <leafValues>
        3.3917018771171570e-01 -3.0891627073287964e-01</leafValues></_>
    <_>
      <internalNodes>
        0 -1 1453956 4.6586524695158005e-04</internalNodes>
      <leafValues>
        -2.8514510393142700e-01 4.1624826192855835e-01</leafValues></_>
    <_>
      <internalNodes>
        0 -1 463493 -1.3105260441079736e-03</internalNodes>
      <leafValues>
        5.3558784723281860e-01 -2.5035575032234192e-01</leafValues></_></weakClassifiers></stage2>
</opencv_storage>
