<?xml version="1.0"?>
<opencv_storage>
<stage22>
  <maxWeakCount>29</maxWeakCount>
  <stageThreshold>-6.7720115184783936e-01</stageThreshold>
  <weakClassifiers>
    <_>
      <internalNodes>
        0 -1 1050266 3.5842051729559898e-03</internalNodes>
      <leafValues>
        4.3668122962117195e-03 5.3638815879821777e-01</leafValues></_>
    <_>
      <internalNodes>
        0 -1 1791851 1.9577632192522287e-03</internalNodes>
      <leafValues>
        -1.9324064254760742e-01 3.3511117100715637e-01</leafValues></_>
    <_>
      <internalNodes>
        0 -1 1860921 -2.2346209734678268e-02</internalNodes>
      <leafValues>
        4.3530800938606262e-01 -1.2940162420272827e-01</leafValues></_>
    <_>
      <internalNodes>
        0 -1 1799046 2.4583708494901657e-02</internalNodes>
      <leafValues>
        -1.0916474461555481e-01 6.9177037477493286e-01</leafValues></_>
    <_>
      <internalNodes>
        0 -1 1223245 -4.6912282705307007e-02</internalNodes>
      <leafValues>
        -6.7219090461730957e-01 9.2900983989238739e-02</leafValues></_>
    <_>
      <internalNodes>
        0 -1 2199723 2.8881191974505782e-04</internalNodes>
      <leafValues>
        -1.2850223481655121e-01 4.4999083876609802e-01</leafValues></_>
    <_>
      <internalNodes>
        0 -1 1083799 -3.3871717751026154e-03</internalNodes>
      <leafValues>
        4.8267564177513123e-01 -1.0461308062076569e-01</leafValues></_>
    <_>
      <internalNodes>
        0 -1 2474496 -1.3090173015370965e-03</internalNodes>
      <leafValues>
        4.3489953875541687e-01 -1.0943973064422607e-01</leafValues></_>
    <_>
      <internalNodes>
        0 -1 1055634 1.8771465867757797e-02</internalNodes>
      <leafValues>
        -1.9669744372367859e-01 2.8472512960433960e-01</leafValues></_>
    <_>
      <internalNodes>
        0 -1 2813811 1.3899467885494232e-03</internalNodes>
      <leafValues>
        6.4761757850646973e-02 -9.3809914588928223e-01</leafValues></_>
    <_>
      <internalNodes>
        0 -1 2028889 -5.3538591600954533e-04</internalNodes>
      <leafValues>
        3.6189484596252441e-01 -1.6742694377899170e-01</leafValues></_>
    <_>
      <internalNodes>
        0 -1 2219734 -1.8071994418278337e-04</internalNodes>
      <leafValues>
        2.6060095429420471e-01 -2.1222656965255737e-01</leafValues></_>
    <_>
      <internalNodes>
        0 -1 2750755 -5.8226967230439186e-03</internalNodes>
      <leafValues>
        3.5054036974906921e-01 -1.6155630350112915e-01</leafValues></_>
    <_>
      <internalNodes>
        0 -1 1851427 -1.1726204538717866e-03</internalNodes>
      <leafValues>
        4.6113112568855286e-01 -1.1138443648815155e-01</leafValues></_>
    <_>
      <internalNodes>
        0 -1 1077144 -1.8703001551330090e-03</internalNodes>
      <leafValues>
        5.7475841045379639e-01 -1.0442051291465759e-01</leafValues></_>
    <_>
      <internalNodes>
        0 -1 2579167 -5.9395171701908112e-02</internalNodes>
      <leafValues>
        5.1607763767242432e-01 -1.1010009795427322e-01</leafValues></_>
    <_>
      <internalNodes>
        0 -1 2356763 -7.7103951480239630e-04</internalNodes>
      <leafValues>
        3.9630246162414551e-01 -1.3630385696887970e-01</leafValues></_>
    <_>
      <internalNodes>
        0 -1 2380260 -3.3426145091652870e-04</internalNodes>
      <leafValues>
        -8.7767702341079712e-01 6.9874010980129242e-02</leafValues></_>
    <_>
      <internalNodes>
        0 -1 969771 6.4669717103242874e-03</internalNodes>
      <leafValues>
        -1.3023275136947632e-01 5.4757684469223022e-01</leafValues></_>
    <_>
      <internalNodes>
        0 -1 1244528 2.7277715504169464e-02</internalNodes>
      <leafValues>
        1.1727732419967651e-01 -5.0301277637481689e-01</leafValues></_>
    <_>
      <internalNodes>
        0 -1 2998548 4.2287916876375675e-03</internalNodes>
      <leafValues>
        -1.0251580923795700e-01 5.2974700927734375e-01</leafValues></_>
    <_>
      <internalNodes>
        0 -1 1456059 4.7364499419927597e-02</internalNodes>
      <leafValues>
        -1.0208439081907272e-01 5.9474951028823853e-01</leafValues></_>
    <_>
      <internalNodes>
        0 -1 582050 2.1577051375061274e-03</internalNodes>
      <leafValues>
        -1.1535918712615967e-01 4.2757421731948853e-01</leafValues></_>
    <_>
      <internalNodes>
        0 -1 356511 -2.4628536775708199e-03</internalNodes>
      <leafValues>
        4.5121309161186218e-01 -1.3142623007297516e-01</leafValues></_>
    <_>
      <internalNodes>
        0 -1 162093 -9.2469458468258381e-04</internalNodes>
      <leafValues>
        -8.0488502979278564e-01 8.1679992377758026e-02</leafValues></_>
    <_>
      <internalNodes>
        0 -1 2779494 -4.7736917622387409e-05</internalNodes>
      <leafValues>
        2.1590755879878998e-01 -2.6582813262939453e-01</leafValues></_>
    <_>
      <internalNodes>
        0 -1 1147144 -1.4767300337553024e-02</internalNodes>
      <leafValues>
        5.5653613805770874e-01 -1.1190982162952423e-01</leafValues></_>
    <_>
      <internalNodes>
        0 -1 639401 2.4286884814500809e-02</internalNodes>
      <leafValues>
        -1.5209265053272247e-01 4.3938401341438293e-01</leafValues></_>
    <_>
      <internalNodes>
        0 -1 2871794 -5.5522168986499310e-04</internalNodes>
      <leafValues>
        -6.4232498407363892e-01 1.1007968336343765e-01</leafValues></_></weakClassifiers></stage22>
</opencv_storage>
