<?xml version="1.0"?>
<opencv_storage>
<stage13>
  <maxWeakCount>20</maxWeakCount>
  <stageThreshold>-8.9279365539550781e-01</stageThreshold>
  <weakClassifiers>
    <_>
      <internalNodes>
        0 -1 598747 1.9132219254970551e-02</internalNodes>
      <leafValues>
        1.5444015152752399e-02 5.7478004693984985e-01</leafValues></_>
    <_>
      <internalNodes>
        0 -1 2868525 -1.3434390537440777e-02</internalNodes>
      <leafValues>
        5.7332998514175415e-01 -1.1128983646631241e-01</leafValues></_>
    <_>
      <internalNodes>
        0 -1 1599456 1.6199655365198851e-03</internalNodes>
      <leafValues>
        -2.2709216177463531e-01 3.5760992765426636e-01</leafValues></_>
    <_>
      <internalNodes>
        0 -1 2899471 2.5001899339258671e-03</internalNodes>
      <leafValues>
        -2.0108261704444885e-01 4.8575639724731445e-01</leafValues></_>
    <_>
      <internalNodes>
        0 -1 1407182 5.0735801458358765e-02</internalNodes>
      <leafValues>
        1.3745297491550446e-01 -6.7611378431320190e-01</leafValues></_>
    <_>
      <internalNodes>
        0 -1 1332293 3.9441767148673534e-03</internalNodes>
      <leafValues>
        -2.2740624845027924e-01 5.4094618558883667e-01</leafValues></_>
    <_>
      <internalNodes>
        0 -1 2633586 -2.7099810540676117e-02</internalNodes>
      <leafValues>
        6.5157938003540039e-01 -9.2146344482898712e-02</leafValues></_>
    <_>
      <internalNodes>
        0 -1 2956310 -1.5166476368904114e-03</internalNodes>
      <leafValues>
        6.4898538589477539e-01 -1.0861491411924362e-01</leafValues></_>
    <_>
      <internalNodes>
        0 -1 47857 -8.3824768662452698e-02</internalNodes>
      <leafValues>
        7.7578330039978027e-01 -8.0101825296878815e-02</leafValues></_>
    <_>
      <internalNodes>
        0 -1 10924 1.4269745349884033e-01</internalNodes>
      <leafValues>
        -1.3929975032806396e-01 5.7201945781707764e-01</leafValues></_>
    <_>
      <internalNodes>
        0 -1 958461 9.0905115939676762e-04</internalNodes>
      <leafValues>
        -1.5922753512859344e-01 4.1940680146217346e-01</leafValues></_>
    <_>
      <internalNodes>
        0 -1 120314 -2.0094703882932663e-02</internalNodes>
      <leafValues>
        4.9711471796035767e-01 -1.4151410758495331e-01</leafValues></_>
    <_>
      <internalNodes>
        0 -1 1157919 -1.5491794794797897e-02</internalNodes>
      <leafValues>
        2.1348698437213898e-01 -4.2014962434768677e-01</leafValues></_>
    <_>
      <internalNodes>
        0 -1 1697268 1.2398872058838606e-03</internalNodes>
      <leafValues>
        -1.8532171845436096e-01 4.5391154289245605e-01</leafValues></_>
    <_>
      <internalNodes>
        0 -1 1503754 -1.0949501767754555e-02</internalNodes>
      <leafValues>
        4.6819856762886047e-01 -1.6363321244716644e-01</leafValues></_>
    <_>
      <internalNodes>
        0 -1 1748735 9.4385934062302113e-04</internalNodes>
      <leafValues>
        -1.3238157331943512e-01 5.2964144945144653e-01</leafValues></_>
    <_>
      <internalNodes>
        0 -1 2074043 -6.2592476606369019e-02</internalNodes>
      <leafValues>
        3.8421890139579773e-01 -2.2988922894001007e-01</leafValues></_>
    <_>
      <internalNodes>
        0 -1 1375491 1.9418697804212570e-02</internalNodes>
      <leafValues>
        -1.3887140154838562e-01 4.9898615479469299e-01</leafValues></_>
    <_>
      <internalNodes>
        0 -1 10788 -2.4647735990583897e-03</internalNodes>
      <leafValues>
        4.9183741211891174e-01 -1.5122361481189728e-01</leafValues></_>
    <_>
      <internalNodes>
        0 -1 552 1.0795861482620239e-02</internalNodes>
      <leafValues>
        -1.1894356459379196e-01 6.0862129926681519e-01</leafValues></_></weakClassifiers></stage13>
</opencv_storage>
