<?xml version="1.0"?>
<opencv_storage>
<stage19>
  <maxWeakCount>23</maxWeakCount>
  <stageThreshold>-6.7696475982666016e-01</stageThreshold>
  <weakClassifiers>
    <_>
      <internalNodes>
        0 -1 764857 -3.0453158542513847e-03</internalNodes>
      <leafValues>
        5.3763443231582642e-01 -1.3124553006120607e-17</leafValues></_>
    <_>
      <internalNodes>
        0 -1 1459669 9.5326662063598633e-02</internalNodes>
      <leafValues>
        -7.8033268451690674e-02 6.3693541288375854e-01</leafValues></_>
    <_>
      <internalNodes>
        0 -1 2073329 3.6117215640842915e-03</internalNodes>
      <leafValues>
        -1.4926995337009430e-01 5.3747177124023438e-01</leafValues></_>
    <_>
      <internalNodes>
        0 -1 2854969 1.2492612004280090e-02</internalNodes>
      <leafValues>
        -8.0512754619121552e-02 5.2729493379592896e-01</leafValues></_>
    <_>
      <internalNodes>
        0 -1 2431198 4.0142080979421735e-04</internalNodes>
      <leafValues>
        -1.2867900729179382e-01 5.9176135063171387e-01</leafValues></_>
    <_>
      <internalNodes>
        0 -1 461664 4.8760599456727505e-03</internalNodes>
      <leafValues>
        -1.4273932576179504e-01 5.2386468648910522e-01</leafValues></_>
    <_>
      <internalNodes>
        0 -1 2746672 1.6432035714387894e-02</internalNodes>
      <leafValues>
        -1.3755612075328827e-01 4.3408542871475220e-01</leafValues></_>
    <_>
      <internalNodes>
        0 -1 2707970 -1.9411567598581314e-02</internalNodes>
      <leafValues>
        4.5273908972740173e-01 -1.3856936991214752e-01</leafValues></_>
    <_>
      <internalNodes>
        0 -1 2067304 -7.3882966535165906e-04</internalNodes>
      <leafValues>
        4.6302798390388489e-01 -1.4319133758544922e-01</leafValues></_>
    <_>
      <internalNodes>
        0 -1 1086091 -1.7833611927926540e-03</internalNodes>
      <leafValues>
        5.0749510526657104e-01 -1.1173775047063828e-01</leafValues></_>
    <_>
      <internalNodes>
        0 -1 2160283 -1.0173927876166999e-04</internalNodes>
      <leafValues>
        -7.4968606233596802e-01 8.9004062116146088e-02</leafValues></_>
    <_>
      <internalNodes>
        0 -1 1856619 -1.0673626093193889e-03</internalNodes>
      <leafValues>
        4.9208414554595947e-01 -1.3212954998016357e-01</leafValues></_>
    <_>
      <internalNodes>
        0 -1 322492 1.5977915376424789e-02</internalNodes>
      <leafValues>
        -1.0165939480066299e-01 5.3754776716232300e-01</leafValues></_>
    <_>
      <internalNodes>
        0 -1 236694 1.0943600907921791e-02</internalNodes>
      <leafValues>
        -6.6901721060276031e-02 7.9678457975387573e-01</leafValues></_>
    <_>
      <internalNodes>
        0 -1 2264237 2.5381165323778987e-04</internalNodes>
      <leafValues>
        9.1109186410903931e-02 -7.0231473445892334e-01</leafValues></_>
    <_>
      <internalNodes>
        0 -1 944342 -4.9034982919692993e-02</internalNodes>
      <leafValues>
        -6.6661715507507324e-01 8.4143690764904022e-02</leafValues></_>
    <_>
      <internalNodes>
        0 -1 2870047 -1.1242360051255673e-04</internalNodes>
      <leafValues>
        2.0254312455654144e-01 -3.0074444413185120e-01</leafValues></_>
    <_>
      <internalNodes>
        0 -1 978490 3.3281788229942322e-02</internalNodes>
      <leafValues>
        8.0609932541847229e-02 -7.3444360494613647e-01</leafValues></_>
    <_>
      <internalNodes>
        0 -1 2049521 7.9682574141770601e-04</internalNodes>
      <leafValues>
        -1.8850746750831604e-01 3.4239023923873901e-01</leafValues></_>
    <_>
      <internalNodes>
        0 -1 1767278 -4.3352221837267280e-04</internalNodes>
      <leafValues>
        8.0232985317707062e-02 -8.6565899848937988e-01</leafValues></_>
    <_>
      <internalNodes>
        0 -1 2367343 2.6053667534142733e-04</internalNodes>
      <leafValues>
        -2.1796104311943054e-01 3.5384958982467651e-01</leafValues></_>
    <_>
      <internalNodes>
        0 -1 870269 7.4816923588514328e-03</internalNodes>
      <leafValues>
        -9.6966497600078583e-02 5.6309986114501953e-01</leafValues></_>
    <_>
      <internalNodes>
        0 -1 2336997 5.8386474847793579e-04</internalNodes>
      <leafValues>
        7.2172448039054871e-02 -9.5676344633102417e-01</leafValues></_></weakClassifiers></stage19>
</opencv_storage>
