<?xml version="1.0"?>
<opencv_storage>
<stage10>
  <maxWeakCount>15</maxWeakCount>
  <stageThreshold>-1.0042898654937744e+00</stageThreshold>
  <weakClassifiers>
    <_>
      <internalNodes>
        0 -1 664130 -9.4859421253204346e-02</internalNodes>
      <leafValues>
        -5.1592355966567993e-01 4.6116968989372253e-01</leafValues></_>
    <_>
      <internalNodes>
        0 -1 992518 -1.5212264657020569e-01</internalNodes>
      <leafValues>
        -1.6329121589660645e-01 6.5087723731994629e-01</leafValues></_>
    <_>
      <internalNodes>
        0 -1 2198359 2.9266913770698011e-04</internalNodes>
      <leafValues>
        -1.2527942657470703e-01 8.0723345279693604e-01</leafValues></_>
    <_>
      <internalNodes>
        0 -1 1851425 7.3880620766431093e-04</internalNodes>
      <leafValues>
        -1.5044298768043518e-01 6.5405666828155518e-01</leafValues></_>
    <_>
      <internalNodes>
        0 -1 1159298 8.9680049568414688e-03</internalNodes>
      <leafValues>
        1.9655679166316986e-01 -6.5968054533004761e-01</leafValues></_>
    <_>
      <internalNodes>
        0 -1 2264619 -2.5388961657881737e-03</internalNodes>
      <leafValues>
        6.8049085140228271e-01 -1.4613448083400726e-01</leafValues></_>
    <_>
      <internalNodes>
        0 -1 1601208 2.8884187340736389e-02</internalNodes>
      <leafValues>
        1.6782531142234802e-01 -6.2935262918472290e-01</leafValues></_>
    <_>
      <internalNodes>
        0 -1 1912803 -1.7649393528699875e-02</internalNodes>
      <leafValues>
        -6.4217704534530640e-01 1.2573479115962982e-01</leafValues></_>
    <_>
      <internalNodes>
        0 -1 466916 1.1499318294227123e-02</internalNodes>
      <leafValues>
        -1.2152976542711258e-01 7.9811728000640869e-01</leafValues></_>
    <_>
      <internalNodes>
        0 -1 1670040 4.3380405753850937e-02</internalNodes>
      <leafValues>
        1.5704014897346497e-01 -5.7492727041244507e-01</leafValues></_>
    <_>
      <internalNodes>
        0 -1 300741 7.1051701903343201e-02</internalNodes>
      <leafValues>
        1.1174106597900391e-01 -7.8561621904373169e-01</leafValues></_>
    <_>
      <internalNodes>
        0 -1 3023831 2.0336921443231404e-04</internalNodes>
      <leafValues>
        1.8858554959297180e-01 -4.4908866286277771e-01</leafValues></_>
    <_>
      <internalNodes>
        0 -1 959332 2.5402940809726715e-03</internalNodes>
      <leafValues>
        -1.2967625260353088e-01 6.9413417577743530e-01</leafValues></_>
    <_>
      <internalNodes>
        0 -1 457168 -8.7895557284355164e-02</internalNodes>
      <leafValues>
        -1.2212532013654709e-01 7.0347535610198975e-01</leafValues></_>
    <_>
      <internalNodes>
        0 -1 1679919 -2.2564239334315062e-03</internalNodes>
      <leafValues>
        7.1741491556167603e-01 -1.1228746175765991e-01</leafValues></_></weakClassifiers></stage10>
</opencv_storage>
