<?xml version="1.0"?>
<opencv_storage>
<stage18>
  <maxWeakCount>24</maxWeakCount>
  <stageThreshold>-7.8411847352981567e-01</stageThreshold>
  <weakClassifiers>
    <_>
      <internalNodes>
        0 -1 1663367 -6.9373711943626404e-02</internalNodes>
      <leafValues>
        -8.5185188055038452e-01 3.8917976617813110e-01</leafValues></_>
    <_>
      <internalNodes>
        0 -1 1784940 3.2104998826980591e-02</internalNodes>
      <leafValues>
        -1.4551122486591339e-01 4.9510228633880615e-01</leafValues></_>
    <_>
      <internalNodes>
        0 -1 1670973 -4.8448707908391953e-02</internalNodes>
      <leafValues>
        -4.0010949969291687e-01 1.7464512586593628e-01</leafValues></_>
    <_>
      <internalNodes>
        0 -1 40155 5.8676995337009430e-02</internalNodes>
      <leafValues>
        -1.9876870512962341e-01 3.6921843886375427e-01</leafValues></_>
    <_>
      <internalNodes>
        0 -1 39772 -2.2746421396732330e-02</internalNodes>
      <leafValues>
        4.3189001083374023e-01 -2.2463199496269226e-01</leafValues></_>
    <_>
      <internalNodes>
        0 -1 413311 3.7716709077358246e-02</internalNodes>
      <leafValues>
        1.1341931670904160e-01 -7.4203866720199585e-01</leafValues></_>
    <_>
      <internalNodes>
        0 -1 2227532 -5.4180352890398353e-05</internalNodes>
      <leafValues>
        -5.6818181276321411e-01 1.1448888480663300e-01</leafValues></_>
    <_>
      <internalNodes>
        0 -1 79454 1.0505788959562778e-02</internalNodes>
      <leafValues>
        -9.2235781252384186e-02 8.5345131158828735e-01</leafValues></_>
    <_>
      <internalNodes>
        0 -1 773833 -2.1178724709898233e-03</internalNodes>
      <leafValues>
        4.4878011941909790e-01 -1.3749358057975769e-01</leafValues></_>
    <_>
      <internalNodes>
        0 -1 438714 2.9362637549638748e-02</internalNodes>
      <leafValues>
        9.0843737125396729e-02 -7.5460243225097656e-01</leafValues></_>
    <_>
      <internalNodes>
        0 -1 2799768 1.2505708727985620e-03</internalNodes>
      <leafValues>
        6.8615578114986420e-02 -7.1141386032104492e-01</leafValues></_>
    <_>
      <internalNodes>
        0 -1 2622365 -5.2014216780662537e-03</internalNodes>
      <leafValues>
        3.6503577232360840e-01 -1.8033836781978607e-01</leafValues></_>
    <_>
      <internalNodes>
        0 -1 2118609 8.6411566007882357e-04</internalNodes>
      <leafValues>
        -1.3850623369216919e-01 4.2622730135917664e-01</leafValues></_>
    <_>
      <internalNodes>
        0 -1 2155993 3.3291324507445097e-04</internalNodes>
      <leafValues>
        1.0181407630443573e-01 -6.7521983385086060e-01</leafValues></_>
    <_>
      <internalNodes>
        0 -1 2950322 -2.4903994053602219e-02</internalNodes>
      <leafValues>
        5.8372640609741211e-01 -1.1791814863681793e-01</leafValues></_>
    <_>
      <internalNodes>
        0 -1 2246400 1.5814105048775673e-02</internalNodes>
      <leafValues>
        1.1576395481824875e-01 -6.5850841999053955e-01</leafValues></_>
    <_>
      <internalNodes>
        0 -1 2472726 2.7237707399763167e-04</internalNodes>
      <leafValues>
        -2.1409289538860321e-01 2.7857410907745361e-01</leafValues></_>
    <_>
      <internalNodes>
        0 -1 3024380 1.3232305354904383e-04</internalNodes>
      <leafValues>
        9.9478021264076233e-02 -6.4701330661773682e-01</leafValues></_>
    <_>
      <internalNodes>
        0 -1 1756111 -9.3164053396321833e-05</internalNodes>
      <leafValues>
        3.1163829565048218e-01 -1.9945335388183594e-01</leafValues></_>
    <_>
      <internalNodes>
        0 -1 3004115 8.1653808592818677e-05</internalNodes>
      <leafValues>
        1.6422533988952637e-01 -3.9256209135055542e-01</leafValues></_>
    <_>
      <internalNodes>
        0 -1 2385277 -2.9745550826191902e-02</internalNodes>
      <leafValues>
        4.8989918828010559e-01 -1.3780792057514191e-01</leafValues></_>
    <_>
      <internalNodes>
        0 -1 2381765 2.0036695059388876e-03</internalNodes>
      <leafValues>
        -1.6536127030849457e-01 3.6972582340240479e-01</leafValues></_>
    <_>
      <internalNodes>
        0 -1 2859652 6.7710207076743245e-04</internalNodes>
      <leafValues>
        1.0851830244064331e-01 -6.3481605052947998e-01</leafValues></_>
    <_>
      <internalNodes>
        0 -1 2783572 -5.1977724069729447e-04</internalNodes>
      <leafValues>
        4.8693791031837463e-01 -1.4409281313419342e-01</leafValues></_></weakClassifiers></stage18>
</opencv_storage>
