<?xml version="1.0"?>
<opencv_storage>
<stage7>
  <maxWeakCount>15</maxWeakCount>
  <stageThreshold>-4.3046626448631287e-01</stageThreshold>
  <weakClassifiers>
    <_>
      <internalNodes>
        0 -1 139648 -3.3234268426895142e-01</internalNodes>
      <leafValues>
        -8.4870845079421997e-02 6.7781156301498413e-01</leafValues></_>
    <_>
      <internalNodes>
        0 -1 2722585 -4.7847531735897064e-02</internalNodes>
      <leafValues>
        6.6568654775619507e-01 -1.5215875208377838e-01</leafValues></_>
    <_>
      <internalNodes>
        0 -1 1740264 -1.8363400595262647e-03</internalNodes>
      <leafValues>
        3.3599445223808289e-01 -3.3871567249298096e-01</leafValues></_>
    <_>
      <internalNodes>
        0 -1 5477 -2.3870578035712242e-02</internalNodes>
      <leafValues>
        6.6028088331222534e-01 -2.3057308793067932e-01</leafValues></_>
    <_>
      <internalNodes>
        0 -1 134166 3.7993565201759338e-02</internalNodes>
      <leafValues>
        -2.3339024186134338e-01 5.8462989330291748e-01</leafValues></_>
    <_>
      <internalNodes>
        0 -1 2669000 3.4997448325157166e-02</internalNodes>
      <leafValues>
        -1.6433656215667725e-01 7.1078228950500488e-01</leafValues></_>
    <_>
      <internalNodes>
        0 -1 2910298 -1.3144181109964848e-02</internalNodes>
      <leafValues>
        6.6053777933120728e-01 -1.3753166794776917e-01</leafValues></_>
    <_>
      <internalNodes>
        0 -1 2201293 -3.4243331174366176e-04</internalNodes>
      <leafValues>
        -6.7494243383407593e-01 1.8686391413211823e-01</leafValues></_>
    <_>
      <internalNodes>
        0 -1 2993920 -1.7347857356071472e-03</internalNodes>
      <leafValues>
        -1.5635140240192413e-01 7.3873090744018555e-01</leafValues></_>
    <_>
      <internalNodes>
        0 -1 347355 -2.4073528125882149e-02</internalNodes>
      <leafValues>
        7.0510065555572510e-01 -1.4213243126869202e-01</leafValues></_>
    <_>
      <internalNodes>
        0 -1 2786794 5.0211688503623009e-03</internalNodes>
      <leafValues>
        -1.3693316280841827e-01 6.3046461343765259e-01</leafValues></_>
    <_>
      <internalNodes>
        0 -1 2819813 -2.4873133748769760e-02</internalNodes>
      <leafValues>
        7.2816419601440430e-01 -1.1670901626348495e-01</leafValues></_>
    <_>
      <internalNodes>
        0 -1 197159 -1.3316608965396881e-02</internalNodes>
      <leafValues>
        7.9164361953735352e-01 -1.2008251249790192e-01</leafValues></_>
    <_>
      <internalNodes>
        0 -1 2379878 4.0588469710201025e-04</internalNodes>
      <leafValues>
        1.5057189762592316e-01 -8.2541292905807495e-01</leafValues></_>
    <_>
      <internalNodes>
        0 -1 2201137 1.6419595107436180e-02</internalNodes>
      <leafValues>
        -1.9150923192501068e-01 5.9721779823303223e-01</leafValues></_></weakClassifiers></stage7>
</opencv_storage>
