<?xml version="1.0"?>
<opencv_storage>
<stage0>
  <maxWeakCount>10</maxWeakCount>
  <stageThreshold>-1.0726686716079712e+00</stageThreshold>
  <weakClassifiers>
    <_>
      <internalNodes>
        0 -1 2342103 -1.2736029922962189e-02</internalNodes>
      <leafValues>
        8.0162602663040161e-01 -1.5897436439990997e-01</leafValues></_>
    <_>
      <internalNodes>
        0 -1 500324 7.7239172533154488e-03</internalNodes>
      <leafValues>
        -2.9533487558364868e-01 6.0351467132568359e-01</leafValues></_>
    <_>
      <internalNodes>
        0 -1 1243613 1.3355948962271214e-02</internalNodes>
      <leafValues>
        -2.7086195349693298e-01 6.5207928419113159e-01</leafValues></_>
    <_>
      <internalNodes>
        0 -1 1393 -2.5764841586351395e-02</internalNodes>
      <leafValues>
        6.7244195938110352e-01 -2.2167658805847168e-01</leafValues></_>
    <_>
      <internalNodes>
        0 -1 138444 3.8092285394668579e-02</internalNodes>
      <leafValues>
        -1.8998502194881439e-01 7.3151522874832153e-01</leafValues></_>
    <_>
      <internalNodes>
        0 -1 19055 -2.0596932619810104e-02</internalNodes>
      <leafValues>
        6.5993762016296387e-01 -2.2825008630752563e-01</leafValues></_>
    <_>
      <internalNodes>
        0 -1 1663386 3.9294514805078506e-02</internalNodes>
      <leafValues>
        1.8756081163883209e-01 -8.1018823385238647e-01</leafValues></_>
    <_>
      <internalNodes>
        0 -1 2086887 -1.2214092910289764e-01</internalNodes>
      <leafValues>
        7.1460521221160889e-01 -2.0865368843078613e-01</leafValues></_>
    <_>
      <internalNodes>
        0 -1 1460862 -8.7164323776960373e-03</internalNodes>
      <leafValues>
        -2.1857087314128876e-01 5.8769160509109497e-01</leafValues></_>
    <_>
      <internalNodes>
        0 -1 2190500 1.5827940660528839e-04</internalNodes>
      <leafValues>
        -2.7418458461761475e-01 5.2130734920501709e-01</leafValues></_></weakClassifiers></stage0>
</opencv_storage>
